,0,1,2,3,4,5,6,7,8,9,10,11,12,13,14,15,16,17,18,19,20,21,22,23,24,25
0,0.006458800000000001,0.0034183,-0.25793,-0.25539,-0.10039,0.22779000000000002,-0.0039705,-0.0055256,-0.0003815,-0.010633,0.0050382,-0.0092074,0.0091117,-0.22862,0.0090062,0.012062,-0.00050664,-0.18634,-0.18111,-0.2662,-0.0032591,-0.0035056999999999996,-0.27414,-0.27747,0.0013170999999999999,-0.016547
1,0.006458800000000001,0.0034183,-0.25793,-0.25539,-0.10039,0.22779000000000002,-0.0039705,-0.0055256,-0.0003815,-0.010633,0.0050382,-0.0092074,0.0091117,-0.22862,0.0090062,0.012062,-0.00050664,-0.18634,-0.18111,-0.2662,-0.0032591,-0.0035056999999999996,-0.27414,-0.27747,0.0013170999999999999,-0.016547
2,0.006458800000000001,0.0034183,-0.25793,-0.25539,-0.10039,0.22779000000000002,-0.0039705,-0.0055256,-0.0003815,-0.010633,0.0050382,-0.0092074,0.0091117,-0.22862,0.0090062,0.012062,-0.00050664,-0.18634,-0.18111,-0.2662,-0.0032591,-0.0035056999999999996,-0.27414,-0.27747,0.0013170999999999999,-0.016547
3,0.006458800000000001,0.0034183,-0.25793,-0.25539,-0.10039,0.22779000000000002,-0.0039705,-0.0055256,-0.0003815,-0.010633,0.0050382,-0.0092074,0.0091117,-0.22862,0.0090062,0.012062,-0.00050664,-0.18634,-0.18111,-0.2662,-0.0032591,-0.0035056999999999996,-0.27414,-0.27747,0.0013170999999999999,-0.016547
4,0.006458800000000001,0.002408,-0.25793,-0.25539,-0.099714,0.22839,-0.005024600000000001,-0.0032049999999999995,-0.0016651,-0.0094017,0.0050382,-0.0079428,0.0091117,-0.22862,0.0090062,0.010835,-0.0020391,-0.18661,-0.18111,-0.2662,-0.0044218999999999994,-0.0048744999999999995,-0.2748,-0.27781999999999996,0.00031923,-0.015159
5,0.0042968,-0.014083000000000002,-0.25789,-0.2554,-0.088715,0.2382,-0.021105000000000002,0.033698,-0.023796,0.01069,0.0050382,0.01022,0.011921,-0.22978,0.010237000000000001,-0.010428,-0.029342,-0.191,-0.18135,-0.26585,-0.023261,-0.027214999999999996,-0.28558,-0.28293,-0.015968,0.010129
6,-0.030992000000000002,-0.037018999999999996,-0.25556,-0.25761,-0.074145,0.25205,-0.028793,0.07047,-0.07206900000000001,0.038633999999999995,0.0050382,-0.00030791,0.056449,-0.24936999999999998,0.030256,-0.058329,-0.10028,-0.1971,-0.1853,-0.26047,-0.047383,-0.05979500000000001,-0.30051,-0.28035,-0.037332,0.08441699999999999
7,-0.08126799999999999,-0.038375,-0.24700999999999998,-0.26613000000000003,-0.065785,0.24498000000000003,-0.03792,0.048945999999999996,-0.09966799999999999,0.037712,0.0041193,-0.035316,0.096961,-0.28541,0.058239,-0.086663,-0.13171,-0.19691,-0.1908,-0.25819000000000003,-0.043433,-0.083549,-0.30059,-0.26573,-0.017544,0.14302
8,-0.10248,-0.041749,-0.24485,-0.27052,-0.07410599999999999,0.22433000000000003,-0.069262,0.0131,-0.11302000000000001,-0.00048923,-0.00996,-0.0096252,0.04401,-0.2993,0.075761,-0.0685,-0.064884,-0.18865,-0.19112,-0.26558000000000004,-0.0054891,-0.07724199999999999,-0.29081,-0.26083,0.013452,0.099686
9,-0.11822,-0.06805800000000001,-0.25706,-0.26857,-0.11329000000000002,0.21566999999999997,-0.071381,-0.0068113,-0.10709,-0.031646,-0.014903,0.037613,-0.010589,-0.29186999999999996,0.062094,0.00037658,-0.0032709,-0.17837999999999998,-0.19179000000000002,-0.27078,0.07197100000000001,-0.030132,-0.28665,-0.27726999999999996,0.047719,-0.031852
10,-0.16299,-0.082575,-0.26102,-0.26855,-0.16767,0.21101,-0.04798,-0.016602000000000002,-0.051504999999999995,-0.021818,0.021636000000000002,0.084897,0.022697,-0.29862,-0.025478,0.094011,-0.019551,-0.16793,-0.19769,-0.27664,0.13248,0.0050815,-0.28915,-0.30988000000000004,0.098846,-0.13993
11,-0.1809,-0.06315,-0.24106999999999998,-0.26073,-0.18723,0.20453,-0.042145,0.00068095,0.034372,0.007654899999999999,0.071506,0.12327,0.077645,-0.30777,-0.11367000000000001,0.13687,-0.056215999999999995,-0.16360999999999998,-0.19707,-0.28256,0.11903,0.013696999999999999,-0.29207,-0.32902,0.12624000000000002,-0.10480999999999999
12,-0.11669000000000002,-0.038387,-0.24081999999999998,-0.25131,-0.1423,0.2084,-0.055117,0.037105,0.092047,0.050011,0.08694500000000001,0.12432,0.10205,-0.29045,-0.11699999999999999,0.12752,-0.093294,-0.17625,-0.18667,-0.26995,0.068601,0.0095163,-0.2882,-0.32053000000000004,0.13592,0.023732
13,-0.060147000000000006,-0.025567,-0.25643,-0.24875,-0.099242,0.22676999999999997,-0.071517,0.047622000000000005,0.088661,0.05712999999999999,0.059151999999999996,0.10497000000000001,0.084123,-0.26161999999999996,-0.06421,0.082102,-0.12650999999999998,-0.18485,-0.17895999999999998,-0.25308,0.042133,0.0010527999999999998,-0.27705,-0.30159,0.10213,0.098802
14,-0.06519,0.0045231,-0.26375,-0.25131,-0.099411,0.24544000000000002,-0.093641,0.0096947,0.077265,0.011186,0.011456000000000001,0.05915499999999999,0.054092999999999995,-0.25098000000000004,0.0097828,0.019207,-0.11012999999999999,-0.18675,-0.17689000000000002,-0.25374,0.047125,-0.0022405999999999997,-0.27471999999999996,-0.28471,0.021993000000000002,0.084415
15,-0.07594400000000001,0.039262,-0.26394,-0.25349,-0.11800000000000001,0.23897,-0.10617,-0.016618,0.058253,-0.040773000000000004,-0.030122000000000003,0.021965000000000002,0.042755,-0.25344,0.063725,0.0042856000000000005,-0.058332,-0.19888,-0.16899,-0.25095,0.039501,-0.0050837,-0.28686999999999996,-0.27679000000000004,-0.061145000000000005,0.035671
16,-0.060302999999999995,0.028023000000000003,-0.26261999999999996,-0.25504,-0.13849,0.21209,-0.09652000000000001,0.016412,0.027599000000000002,-0.092467,-0.062511,-0.0015370999999999998,0.0091666,-0.24965,0.075087,0.026011000000000003,0.0010272,-0.19958,-0.15835,-0.23936999999999997,0.020947,0.017238999999999997,-0.2968,-0.27899,-0.12280999999999999,-0.0048514
17,-0.030444,0.0040567,-0.26047,-0.25718,-0.14894000000000002,0.20159000000000002,-0.10004,0.071734,0.0088484,-0.10994000000000001,-0.080746,-0.013072,-0.055732000000000004,-0.251,0.095493,0.07006699999999999,0.063825,-0.18561,-0.1595,-0.24565,-0.013228,0.043505,-0.29972,-0.29261,-0.1466,-0.070686
18,-0.028566,-0.0060146,-0.25679,-0.25695,-0.14164000000000002,0.22271999999999997,-0.081177,0.092736,-0.022232,-0.068077,-0.012728,-0.011465000000000001,-0.11310999999999999,-0.26754,0.14756,0.12863,0.11671,-0.18024,-0.16829000000000002,-0.26443,-0.070714,0.022949,-0.29266,-0.3064,-0.12358,-0.13599
19,-0.038737,-0.023071,-0.25818,-0.25509,-0.09740599999999999,0.24816,-0.028668,0.072134,-0.065742,-0.0043069,0.11638,-0.012015999999999999,-0.16325,-0.27602,0.14553,0.13157,0.12817,-0.19072,-0.17539000000000002,-0.27471,-0.10153999999999999,-0.022244999999999997,-0.27264,-0.30351999999999996,-0.029958,-0.13013
20,-0.035226,-0.011269,-0.258,-0.24656999999999998,-0.05834299999999999,0.25326,0.02216,0.033998,-0.092447,0.021986000000000002,0.18513,-0.010418,-0.17912999999999998,-0.26511999999999997,0.092085,0.089723,0.072477,-0.1967,-0.1759,-0.28494,-0.083606,-0.054929,-0.25485,-0.27671,0.070534,-0.084746
21,-0.018722,0.0248,-0.25792,-0.24366,-0.043322,0.25472,0.012081999999999999,0.0035222,-0.050748,0.031699,0.15145999999999998,-0.031394,-0.11585999999999999,-0.24720999999999999,0.060566999999999996,0.058669000000000006,0.023701,-0.18978,-0.17225,-0.29802,-0.045801,-0.08807899999999999,-0.25289,-0.24927,0.092654,-0.044383
22,-0.017688,0.065575,-0.25997,-0.25278,-0.027611,0.25783,-0.064179,-0.0025669,0.013741999999999999,0.061646000000000006,0.055688999999999995,-0.078689,0.020966,-0.23444,0.060159000000000004,0.040645,0.0043059,-0.18477000000000002,-0.17312,-0.28376,-0.036912,-0.081403,-0.24966999999999998,-0.23967,0.029855,-0.019237
23,-0.015484,0.092928,-0.2701,-0.24856,-0.013262999999999999,0.25158,-0.12758,0.0084389,0.061517999999999996,0.078981,-0.006428399999999999,-0.10661,0.12447000000000001,-0.21744000000000002,0.050695,0.041464999999999995,-0.00059191,-0.17507,-0.18012,-0.25321,-0.049206,-0.031791,-0.23694,-0.24235,0.0011497999999999999,0.010206999999999999
24,0.009353,0.076144,-0.28478000000000003,-0.22307,-0.0036282,0.24973,-0.14048,0.0032256,0.11905999999999999,0.08069,-0.026392000000000002,-0.08796699999999999,0.083612,-0.19337000000000001,0.032872000000000005,0.032060000000000005,0.033138,-0.1627,-0.18955999999999998,-0.23073000000000002,-0.045081,0.0027238,-0.23279,-0.25416,0.043935,0.038293
25,0.023674,0.023375999999999997,-0.29236,-0.21583000000000002,-0.013363,0.26378,-0.13516,0.010669,0.17244,0.078304,-0.048372000000000005,-0.030764999999999997,-0.051687000000000004,-0.19136,0.060947,-0.016309999999999998,0.009995799999999999,-0.16372,-0.19103,-0.21986999999999998,-0.03073,-0.010839,-0.23954,-0.26707,0.055146,0.013854
26,0.002614,-0.065859,-0.27588,-0.22155,-0.030033999999999998,0.27281,-0.11147,0.032349,0.16724,0.073034,-0.07232999999999999,0.044351,-0.13314,-0.21591,0.086048,-0.059249,-0.075507,-0.17244,-0.17962999999999998,-0.22221,-0.035116,-0.059253999999999994,-0.24570999999999998,-0.27985,0.030788999999999997,-0.032012
27,0.0020794,-0.12712,-0.23806999999999998,-0.22546,-0.056544000000000004,0.26211,-0.050806,0.038057,0.12785,0.096683,-0.088056,0.069049,-0.11932999999999999,-0.24334,0.035098000000000004,-0.043496,-0.1057,-0.17627,-0.16823,-0.23138000000000003,-0.051422,-0.020697,-0.24983000000000002,-0.27875,0.0084689,-0.075297
28,0.041365,-0.11208,-0.20445,-0.23586999999999997,-0.10772000000000001,0.23624,0.017557,0.030872000000000004,0.093539,0.12452,-0.08834,0.031068000000000002,-0.042735,-0.26205,-0.02335,-0.0064632000000000005,-0.092739,-0.17412,-0.17057999999999998,-0.25174,-0.044321,0.10925,-0.25348000000000004,-0.27354,-0.0017835000000000001,-0.10275
29,0.040021,-0.046514,-0.20539000000000002,-0.23346,-0.14704,0.21151999999999999,0.058426,0.022569,0.05664400000000001,0.12177,-0.027034,-0.0092995,0.033497000000000006,-0.27119,-0.035538,-0.0041781000000000006,-0.037406,-0.17238,-0.17709,-0.26655999999999996,0.012558,0.18051,-0.26992,-0.28418000000000004,-0.020943,-0.085974
30,-0.029925999999999998,0.040242,-0.24189000000000002,-0.21923,-0.16285,0.19505999999999998,0.079106,0.011132,0.0044678,0.1006,0.088088,-0.026079,0.06403400000000001,-0.28263,-0.039682,-0.008946299999999999,0.035713999999999996,-0.17507999999999999,-0.17656,-0.26419000000000004,0.06104,0.18004,-0.27581999999999995,-0.28973000000000004,-0.024311000000000003,-0.045876
31,-0.089706,0.12255,-0.26983,-0.2127,-0.16359,0.18795,0.10336,-0.0034840000000000006,-0.036244,0.059927999999999995,0.12434,-0.024441,0.032237,-0.28397,-0.07843,-0.0012819,0.08032,-0.17898,-0.16824,-0.25027,0.045357999999999996,0.16516,-0.26413000000000003,-0.2863,-0.0079449,0.005991300000000001
32,-0.10113,0.19114,-0.26557,-0.2329,-0.14626,0.19816,0.14568,0.0033003999999999998,-0.0021038,0.023018,0.064444,-0.017363,-0.048286,-0.27729000000000004,-0.13856,0.028572000000000004,0.090697,-0.17903,-0.15799000000000002,-0.22829000000000002,0.030933999999999996,0.13689,-0.26353000000000004,-0.2655,-0.02162,0.046812
33,-0.071849,0.21406999999999998,-0.24531,-0.26322,-0.13415,0.20805,0.18004,-0.013637999999999999,0.084111,0.018346,0.0026268,-0.005632,-0.10181,-0.27111999999999997,-0.15353,0.07700900000000001,0.078426,-0.17976,-0.15111,-0.22238000000000002,0.020625,0.080617,-0.25815,-0.2444,-0.052917,0.046588
34,-0.018615,0.17655,-0.23554,-0.28302,-0.11863,0.21365,0.17109000000000002,-0.070048,0.12322000000000001,0.058359,-0.019599000000000002,0.0029581,-0.10947,-0.24305,-0.14481,0.066498,0.072978,-0.18233,-0.14255,-0.22965,-0.03316,0.0061702,-0.24163,-0.24061999999999997,-0.10995,0.04342
35,0.021458,0.09281,-0.20968,-0.25569000000000003,-0.08275700000000001,0.14735,0.12767,-0.11624000000000001,0.07923,0.10765999999999999,-0.040769,-0.0021620999999999997,-0.11557,-0.14422000000000001,-0.14467,-0.017482,0.051577,-0.1835,-0.12827,-0.17344,-0.080679,-0.0095116,-0.15463,-0.16889,-0.16082,0.046497000000000004
36,0.044447,0.048928,-0.072511,-0.12943,-0.053654999999999994,-0.035648,0.091833,-0.15079,0.0184,0.11631,-0.074478,-0.041456,-0.08743200000000001,0.038896,-0.10518,-0.062584,0.020309,-0.17242000000000002,-0.11742999999999999,-0.0073771,-0.096702,0.034997,0.027202999999999998,0.0049026,-0.15649000000000002,0.033807
37,0.077274,0.07469400000000001,0.12900999999999999,0.037659,-0.055739,-0.21841,0.037121,-0.12749000000000002,-0.013765000000000001,0.083218,-0.08544600000000001,-0.057217,-0.020638,0.21128000000000002,-0.052298000000000004,-0.06754299999999999,-8.36e-05,-0.15113,-0.12997999999999998,0.1716,-0.08860599999999999,0.053752999999999995,0.20044,0.19102,-0.12512,-0.015461
38,0.0938,0.077142,0.26864,0.17488,-0.087159,-0.32850999999999997,-0.01769,-0.075222,-0.058221,0.053663,-0.097384,0.010415,0.044404,0.31564000000000003,0.0072846000000000004,-0.087003,-0.012045,-0.14184000000000002,-0.15274000000000001,0.26844,-0.064297,0.022218,0.31569,0.31694,-0.09403500000000001,-0.090942
39,0.07900700000000001,0.027264999999999998,0.31575,0.26469000000000004,-0.10753,-0.37005,-0.019196,-0.057232000000000005,-0.068151,0.06449099999999999,-0.10262,0.029485,0.060319000000000005,0.36764,0.032919,-0.07370700000000001,0.026487,-0.14725,-0.15941,0.29848,-0.013327,-0.047351,0.36834,0.37087,-0.059555,-0.10565999999999999
40,0.044838,-0.01847,0.31164000000000003,0.29861,-0.07646,-0.37361,0.016867,-0.056464,-0.022425999999999998,0.078685,-0.034169,-0.048811,0.022885,0.38569000000000003,0.052261,-0.01556,0.081577,-0.16627999999999998,-0.16049000000000002,0.30228,0.038624,-0.10004,0.37737,0.36963,-0.006266,-0.050578
41,-0.0097071,0.005533,0.29251,0.2836,-0.034873,-0.36489,0.033017000000000005,-0.039274,0.03149,0.081434,0.0572,-0.12908,-0.0029562,0.38648000000000005,0.09149,0.043913,0.06579600000000001,-0.182,-0.17881,0.28238,0.06519900000000001,-0.11584000000000001,0.36673,0.35241,0.0025358,0.013438
42,-0.050836,0.049345,0.27359,0.25603000000000004,-0.019755,-0.36148,0.059496,0.031114,0.084718,0.076214,0.063274,-0.16854,0.011328,0.37256,0.088469,0.037763,0.00094186,-0.18499000000000002,-0.20301,0.25422,0.05821900000000001,-0.095513,0.35186,0.34867,-0.044936000000000004,0.052944000000000005
43,-0.030204,0.10359000000000002,0.26248,0.25479,-0.027410000000000004,-0.37469,0.11435999999999999,0.06500399999999999,0.089653,0.030501999999999998,-0.030527,-0.17496,0.048276,0.35885,0.058258000000000004,-0.035144,-0.033931,-0.19255,-0.20795,0.25713,0.016876,-0.008714399999999999,0.35502,0.35525,-0.061546000000000003,0.022958000000000003
44,0.0017636,0.14637999999999998,0.25186,0.26571999999999996,-0.064488,-0.37498000000000004,0.11292,0.055713,0.042020999999999996,-0.049797,-0.1269,-0.13416,0.08456799999999999,0.33976,0.028914999999999996,-0.10008,-0.050606,-0.19983,-0.19962,0.27066,-0.014783000000000001,0.083138,0.35529,0.35799000000000003,-0.027088,-0.03537
45,0.014644999999999998,0.12092,0.25081,0.27766,-0.096206,-0.3756,0.014339,0.022928,-0.036747,-0.09942100000000001,-0.17920999999999998,-0.045087999999999996,0.099875,0.31178,0.027648000000000002,-0.10107000000000001,-0.079113,-0.19947,-0.19824,0.2718,-0.020288999999999998,0.15672,0.34815999999999997,0.36256,0.002771,-0.018033
46,-0.0029521,0.10242000000000001,0.26206999999999997,0.27849,-0.09750700000000001,-0.40281999999999996,-0.10226,-0.059461,-0.083325,-0.089603,-0.19780999999999999,0.047794,0.084077,0.30637,0.024444,-0.055782000000000005,-0.093045,-0.19798,-0.19860999999999998,0.25911999999999996,-0.016457,0.1797,0.35505,0.36332,0.018065,0.07148
47,-0.027551999999999997,0.11500999999999999,0.27793,0.27726999999999996,-0.090334,-0.40998999999999997,-0.14271,-0.10812999999999999,-0.033783999999999995,-0.055884,-0.20920999999999998,0.14827,0.067271,0.32659,-0.0098901,-0.015288999999999999,-0.06978200000000001,-0.19508,-0.1938,0.23948000000000003,-0.010205,0.11379,0.37614000000000003,0.3479,0.039214,0.14617
48,-0.026964,0.12721,0.282,0.27663000000000004,-0.078691,-0.36754000000000003,-0.11225,-0.09376,0.050531,-0.047567,-0.20395,0.18114,0.069651,0.33393,-0.0027981,0.040010000000000004,-0.040425,-0.19108,-0.19186,0.22708000000000003,-0.0059082,0.019739,0.38595999999999997,0.32829,0.046207,0.17633
49,-0.015852,0.097575,0.28944000000000003,0.27543,-0.08003500000000001,-0.35207,-0.07764800000000001,-0.014837000000000001,0.11412,-0.044217,-0.12088,0.10932,0.05731900000000001,0.31673,0.024144,0.064315,-0.018695,-0.18286,-0.18955999999999998,0.22371999999999997,0.020315,-0.032638,0.37735,0.315,0.064368,0.17893
50,-0.0011305999999999998,0.050506999999999996,0.31055,0.2833,-0.12354000000000001,-0.36263,-0.058963999999999996,0.061315999999999996,0.12297000000000001,-0.03877,0.0026076999999999997,0.027505,0.03682,0.31085999999999997,0.012177,0.051707,-0.0058801,-0.17523,-0.18165,0.22649,0.067825,-0.03539,0.36299000000000003,0.30371,0.11675999999999999,0.10186
51,-0.014172,0.021800999999999997,0.32555,0.29107,-0.19619,-0.34792,-0.023161,0.06115,0.02868,-0.046655,0.08419199999999999,-0.033461000000000005,0.019615999999999998,0.32047,-0.046231,0.046342,-0.034783,-0.1754,-0.17645,0.23678000000000002,0.097255,-0.021309,0.35302,0.307,0.12574000000000002,-0.02529
52,-0.040215,0.003617,0.31540999999999997,0.28286,-0.23315999999999998,-0.32795,0.002339,0.047719,-0.09515499999999999,-0.0072382,0.079636,-0.084788,0.033463,0.30999,-0.10815,0.022106999999999998,-0.08289500000000001,-0.17481,-0.18103,0.26402,0.079856,0.011466,0.34686,0.3407,0.067896,-0.066686
53,-0.027905000000000003,0.036422,0.28135,0.27015,-0.2052,-0.34498,0.0016254000000000002,0.034246,-0.14989,0.076334,-0.006684000000000001,-0.09046699999999999,0.078351,0.2819,-0.12072999999999999,0.007809,-0.062894,-0.1741,-0.18847,0.29565,0.062268,0.067308,0.34006,0.38282,-0.00012734,-0.052573
54,0.0055494,0.10454000000000001,0.26252,0.27312,-0.16825,-0.38409,-0.0094574,0.011651,-0.15487,0.1341,-0.09913200000000001,-0.018943,0.10484,0.27397,-0.06554299999999999,0.015449000000000001,-0.0010795,-0.17703,-0.18549000000000002,0.29811,0.062051999999999996,0.096647,0.33459,0.39954,-0.033424,-0.01438
55,0.015856,0.13302,0.27394,0.27756,-0.13614,-0.40406,-0.052637,0.0034931999999999997,-0.13473,0.13485999999999998,-0.090557,0.04834,0.046333,0.28979,0.033329000000000004,0.05412,0.026897000000000004,-0.18594000000000002,-0.17246,0.2786,0.066625,0.097615,0.34151,0.38572,-0.050647000000000005,0.058932000000000005
56,-0.027964,0.10124,0.25956999999999997,0.25145,-0.11204000000000001,-0.34734,-0.086339,0.006895699999999999,-0.084643,0.069741,0.027799,0.05201,-0.049848,0.23440999999999998,0.11599000000000001,0.12,0.022738,-0.19532,-0.16373,0.20240999999999998,0.050006999999999996,0.09310800000000001,0.2801,0.28574,-0.06379800000000001,0.10357000000000001
57,-0.08658500000000001,0.07074,0.14432999999999999,0.12739,-0.12714,-0.15916,-0.093115,0.0063416,-0.036491,-0.0034944000000000004,0.13721,0.028532,-0.054347,0.08520499999999999,0.13752,0.13338,-0.0085249,-0.19660999999999998,-0.16855,0.043117,-0.011662,0.089821,0.10619,0.080837,-0.11122,0.090673
58,-0.088995,0.071664,-0.022018,-0.047077999999999995,-0.16096,0.067699,-0.06492300000000001,-0.0029890999999999997,-0.047494999999999996,-0.039061,0.14923,0.0061348,0.026400999999999997,-0.06604,0.10265,0.069759,-0.045121,-0.19327,-0.17726,-0.12272999999999999,-0.063688,0.1277,-0.07192799999999999,-0.11548,-0.15909,0.025041
59,-0.056323000000000005,0.10436,-0.15565,-0.18400999999999998,-0.17534,0.2276,0.008659299999999998,-0.012190000000000001,-0.096602,-0.03549,0.15941,0.011298,0.1104,-0.1708,0.055664,-0.012235,-0.050638999999999997,-0.18905999999999998,-0.18525999999999998,-0.23542,-0.067717,0.1416,-0.18683,-0.22979000000000002,-0.11697,0.026382999999999997
60,-0.023332,0.14784,-0.22595,-0.2567,-0.15611,0.31718,0.063914,-0.051766,-0.07559099999999999,-0.047601,0.19201,0.049319,0.16495,-0.22316,0.022997999999999998,-0.039145,-0.027324,-0.1857,-0.19616,-0.28276999999999997,-0.042785000000000004,0.065262,-0.24854,-0.27721,-0.02304,0.059097000000000004
61,-0.021996,0.11789000000000001,-0.2479,-0.27102,-0.12838,0.34886999999999996,0.068218,-0.10568,-0.032727,-0.046039,0.11115,0.076269,0.17113,-0.22059,-0.0093112,-0.066545,-0.0040885,-0.18487,-0.19768,-0.28349,0.0017875999999999999,-0.022333000000000002,-0.2857,-0.28891,0.015578,0.045662
62,-0.07373400000000001,0.006607600000000001,-0.24328000000000002,-0.25824,-0.11043,0.32406,-0.008373100000000001,-0.12161,-0.042945,0.026602999999999998,-0.085601,0.061191999999999996,0.14005,-0.19797,-0.037752999999999995,-0.11796,-0.011752,-0.18488,-0.19155,-0.26573,0.040293999999999996,-0.068662,-0.29963,-0.29062,-0.017016,0.045291000000000005
63,-0.12103,-0.07353,-0.23801,-0.24331999999999998,-0.1123,0.2831,-0.09129,-0.11112999999999999,-0.050482,0.076961,-0.23724,0.043588999999999996,0.10280999999999998,-0.193,-0.038551999999999996,-0.15027000000000001,-0.052037,-0.18231,-0.18523,-0.24234,0.028210000000000002,-0.042095999999999995,-0.28589000000000003,-0.28969,-0.014515,0.032199
64,-0.12702,-0.0829,-0.24523000000000003,-0.25939,-0.13978,0.25855,-0.10368,-0.080873,-0.034658999999999995,0.046478,-0.24165999999999999,0.0067628,0.092501,-0.19872,-0.039217,-0.13938,-0.079834,-0.18542999999999998,-0.18589,-0.23501,-0.020964,0.030275,-0.26195999999999997,-0.28065999999999997,0.021472,-0.026688
65,-0.069757,-0.11807999999999999,-0.25433,-0.28143,-0.15685,0.23359000000000002,-0.07646,-0.043688,7.595399999999999e-06,-0.013878,-0.13163,-0.039885000000000004,0.10111,-0.21513000000000002,-0.048863,-0.10425999999999999,-0.070389,-0.20105,-0.19491,-0.24070999999999998,-0.059251,0.081704,-0.23945,-0.26133,-0.002034,-0.083877
66,-0.011659000000000001,-0.15704,-0.26686,-0.28385,-0.14623,0.21028000000000002,-0.055219000000000004,-0.01668,0.014516999999999999,-0.024442,0.017329,-0.016246,0.10161,-0.22191999999999998,-0.023763,-0.041158999999999994,-0.056938,-0.21066999999999997,-0.20385,-0.24045,-0.077909,0.098183,-0.24536999999999998,-0.25489,-0.044895,-0.061354
67,-0.035106,-0.083061,-0.26741,-0.26655999999999996,-0.11093,0.19501,-0.052851999999999996,-0.0022075,-0.042289999999999994,0.019577,0.089335,0.033397,0.075636,-0.21393,-0.014483000000000001,0.014781,-0.059066999999999995,-0.20683,-0.20689000000000002,-0.23356,-0.10311,0.069543,-0.2606,-0.25099,-0.050255,-0.019663
68,-0.07029500000000001,0.03253,-0.24996,-0.25184,-0.06387799999999999,0.20008,-0.024656,0.021327000000000002,-0.10979000000000001,0.038368,0.05631799999999999,0.061541,0.0229,-0.22202,-0.0504,-0.0034638000000000004,-0.09149299999999999,-0.20113,-0.19982,-0.23703000000000002,-0.13318,0.032226,-0.26166999999999996,-0.24959,-0.048091,-0.010133
69,-0.064239,0.12618,-0.24775,-0.26018,-0.038224,0.21111999999999997,-0.00093697,0.037891,-0.15136,0.035914999999999996,-0.012277,0.034727,0.010203,-0.22965,-0.079291,-0.05586,-0.13405999999999998,-0.19094,-0.19466,-0.24923,-0.13172,0.006592699999999999,-0.26726,-0.26757,-0.036869,-0.031689999999999996
70,-0.036503,0.18916,-0.27181,-0.27871999999999997,-0.057652999999999996,0.22121999999999997,-0.015486000000000002,0.009525200000000001,-0.14773,0.018003,-0.066384,0.0017599,0.058322000000000006,-0.21593,-0.061795,-0.099031,-0.13956,-0.17555,-0.19776,-0.25295,-0.09181399999999999,-0.024221,-0.28986999999999996,-0.28769,-0.0038799,-0.068165
71,-0.0063589,0.24341,-0.29125999999999996,-0.27366999999999997,-0.087065,0.22841,-0.0048066,-0.013416999999999998,-0.097436,-0.020623,-0.08724900000000001,0.046247,0.095564,-0.17787,0.035297,-0.06983500000000001,-0.13615,-0.17003,-0.20075,-0.24347,-0.0057847,-0.045586,-0.30946999999999997,-0.28783000000000003,0.020257,-0.052756
72,0.011339,0.2687,-0.30375,-0.25383,-0.10349000000000001,0.23606999999999997,0.021043,-0.0022543000000000003,-0.044645,-0.061216,-0.072983,0.064526,0.066466,-0.15992,0.14859,-0.0046071,-0.13823,-0.17149,-0.20454,-0.2312,0.064394,-0.028769,-0.31248000000000004,-0.27571,-0.003176,-0.054562
73,0.007215399999999999,0.20023,-0.30230999999999997,-0.24216999999999997,-0.11936,0.2362,0.012445999999999999,0.0269,0.029602999999999997,-0.084049,-0.048082,0.045826,-0.021041,-0.14712,0.18442999999999998,0.03296,-0.1056,-0.1759,-0.20864000000000002,-0.22833,0.07019700000000001,-0.007234,-0.29691,-0.27692,-0.040649,-0.097236
74,-0.023733,0.10717,-0.28635,-0.25245,-0.11108,0.21294000000000002,-0.028042,0.078736,0.086537,-0.069562,-0.043504,0.034054,-0.080344,-0.12899000000000002,0.14045,0.038176,-0.038028,-0.18925,-0.20692,-0.23213000000000003,0.044474,-0.022279,-0.27652,-0.29752,-0.0276,-0.10181
75,-0.047688999999999995,-0.022471,-0.26865,-0.25997,-0.061989999999999996,0.20305,-0.070495,0.13295,0.086768,-0.055616,-0.02955,0.0011159,-0.05985700000000001,-0.15009,0.06927,-0.0066411000000000005,-0.009226,-0.2009,-0.19368,-0.24431999999999998,0.012618,0.013590999999999999,-0.27674,-0.31506,0.051015,-0.064317
76,-0.0743,-0.14147,-0.26229,-0.25777,-0.0072704,0.22641,-0.07388099999999999,0.14144,0.051806,-0.058804999999999996,0.0092367,-0.020144,-0.035920999999999995,-0.2153,0.0014609000000000002,-0.030902999999999996,-0.043963999999999996,-0.20157,-0.16579000000000002,-0.26814,-0.018653,0.079802,-0.29702,-0.30835999999999997,0.1191,-0.032693
77,-0.085048,-0.13415,-0.26849,-0.2561,-0.008942700000000001,0.251,-0.028448,0.11087000000000001,0.01965,-0.043485,0.055041999999999994,0.029225,-0.062161,-0.28474,-0.11005999999999999,0.012105,-0.034558,-0.19018,-0.13879,-0.28191,-0.03365,0.064195,-0.30939,-0.28138,0.13166,-0.057484
78,-0.063335,-0.037423000000000005,-0.27616999999999997,-0.25361,-0.068893,0.2447,0.0027489999999999997,0.048747000000000006,0.020133,-0.028554000000000003,0.050434,0.10525999999999999,-0.084708,-0.29786999999999997,-0.18213,0.061836,0.031872000000000004,-0.1749,-0.13047999999999998,-0.2803,-0.007447100000000001,-0.0044683,-0.29772,-0.25915,0.073847,-0.081594
79,-0.04342,0.034843,-0.29069,-0.25406,-0.12234,0.22230999999999998,0.0007547000000000001,-0.026836000000000002,0.038076,-0.034331,0.019951,0.12755999999999998,-0.06959,-0.27474,-0.13275,0.055576,0.10062,-0.16992000000000002,-0.14313,-0.27931,0.011346,-0.059578,-0.27739,-0.24986,-0.008006000000000001,-0.025029
80,-0.0015439,0.0464,-0.29146,-0.25190999999999997,-0.15072,0.21398000000000003,-0.012822,-0.048988,0.037728,-0.039882,0.025047999999999997,0.11045999999999999,0.018789,-0.24871,-0.031643,-0.0082726,0.14194,-0.17394,-0.16286,-0.27601,-0.007805800000000001,-0.084241,-0.26131,-0.24486,-0.0089293,0.032952999999999996
81,0.096073,0.052658,-0.27459,-0.24566999999999997,-0.1473,0.21634,-0.012956,-0.0012867,0.027814,-0.030458999999999996,0.072813,0.08830299999999999,0.10635,-0.22109,0.065452,-0.054354,0.12161,-0.17240999999999998,-0.17635,-0.27149,-0.060502,-0.050178,-0.25277,-0.24661999999999998,0.04977,0.047269
82,0.14962999999999999,0.044253,-0.26299,-0.23828000000000002,-0.12804000000000001,0.22981999999999997,-0.027794,0.09304,0.035621,-0.040375,0.083646,0.035118,0.078555,-0.22157,0.09539700000000001,-0.091267,0.049842000000000004,-0.16906,-0.18304,-0.27316999999999997,-0.11377999999999999,0.017772,-0.26043,-0.25809,0.081845,0.047403
83,0.10584,0.0025050999999999997,-0.25336,-0.23331999999999997,-0.13342,0.23834,-0.050472,0.153,0.074274,-0.065363,0.056377,-0.027214,-0.036877999999999994,-0.24771999999999997,0.07395499999999999,-0.11830999999999998,-0.021469,-0.17182,-0.17966,-0.28081,-0.14545999999999998,0.045023,-0.26619,-0.27444,0.06597,0.053034000000000005
84,0.062937,-0.034723000000000004,-0.24770999999999999,-0.23238000000000003,-0.15538,0.21459,-0.048895999999999995,0.11010999999999999,0.07431,-0.10103,0.07592,-0.05039,-0.11854,-0.2467,0.078479,-0.094265,-0.014453,-0.16804000000000002,-0.1666,-0.27526,-0.14255,0.02284,-0.25227,-0.28255,0.049125,0.057614
85,0.0551,-0.03846,-0.21641,-0.19421,-0.11506,0.10844000000000001,0.00040972,-0.0055942,0.023418,-0.10437,0.12270999999999999,-0.1155,-0.10515,-0.12454000000000001,0.067821,-0.01614,0.033217,-0.05727,-0.056435,-0.1666,-0.097174,0.0015298,-0.15148,-0.18391,0.054516999999999996,0.071471
86,0.024835,-0.0047216,-0.060484,-0.013233000000000002,0.0339,-0.068148,0.06511,-0.076826,-0.012093000000000001,-0.046168,0.13685,-0.1714,-0.038931,0.10962999999999999,0.029681,0.0671,0.047581,0.19452,0.19099000000000002,0.064902,-0.047577999999999995,0.032044,0.065738,0.05874,0.033941000000000006,0.061622
87,-0.02048,0.033523000000000004,0.18207,0.24397,0.22346,-0.22248,0.1056,-0.05948099999999999,-0.0044966,0.013557,0.10167999999999999,-0.12555,0.032333,0.30058,0.017563,0.088157,0.078737,0.44496,0.43996,0.29736,-0.015335,0.10374000000000001,0.27547,0.31087,-0.008642,0.0059333
88,0.0024517,0.045843,0.36687,0.43543999999999994,0.37431,-0.32641,0.092295,0.019696,0.010971,0.035813,0.05649,-0.05915599999999999,0.05651799999999999,0.3731,0.040211000000000004,0.11334000000000001,0.09296900000000001,0.59969,0.59412,0.44837,-0.022066,0.12047999999999999,0.40589000000000003,0.47024,-0.028657,-0.032219
89,0.046966,0.031807999999999996,0.45351,0.5303399999999999,0.44672,-0.37809,0.047582,0.11504,0.011496,0.040293,0.045916000000000005,-0.052225,-0.00096115,0.37935,0.045995999999999995,0.14294,0.070969,0.65391,0.65286,0.49981000000000003,-0.0513,0.042401,0.46601000000000004,0.5251100000000001,0.033638999999999995,-0.021275
90,0.035542000000000004,0.014747,0.48563999999999996,0.55304,0.42096999999999996,-0.38271,0.032532,0.14916,0.0067251,0.065846,0.054919,-0.074059,-0.12412000000000001,0.38138,0.039813999999999995,0.082756,0.031872000000000004,0.64713,0.66077,0.5018600000000001,-0.11260999999999999,-0.046848,0.48791999999999996,0.51632,0.10774,-0.028495999999999997
91,0.0098845,0.0040397,0.48775,0.53782,0.358,-0.35272,0.021146,0.092315,-0.016738,0.059729,0.008505500000000001,-0.042315,-0.1958,0.3941,0.010062,0.016579,0.0045485,0.62913,0.65961,0.49763999999999997,-0.18012,-0.075539,0.4892,0.50871,0.1468,-0.083463
92,-0.0018736,0.033906,0.48528999999999994,0.50148,0.33229000000000003,-0.33064,0.0106,0.008683,-0.04603,-0.0034093000000000005,-0.07394400000000001,-0.025353999999999998,-0.17349,0.39541,-0.046018,-0.008350100000000001,0.015262000000000001,0.61841,0.6584899999999999,0.47383000000000003,-0.17833,-0.05745499999999999,0.47341000000000005,0.51532,0.15847,-0.096827
93,0.014367,0.081192,0.50121,0.46461,0.345,-0.34373000000000004,-0.00025969,-0.05834500000000001,-0.063851,-0.051077,-0.11607,0.014209000000000001,-0.077625,0.3952,-0.061095000000000003,-0.0035147,0.017068,0.6241899999999999,0.66369,0.46763999999999994,-0.099009,-0.025332,0.46943,0.51199,0.11880999999999999,-0.068378
94,0.044441,0.085483,0.50488,0.4375,0.3307,-0.35515,-0.022227,-0.094743,-0.054807,-0.031038999999999997,-0.12647,0.063904,0.044224,0.39728,-0.018856,0.018203999999999998,-0.027471,0.6363800000000001,0.6538,0.48386,-0.0060222999999999995,0.0090274,0.46323000000000003,0.49626000000000003,0.06080599999999999,-0.019958
95,0.086874,0.05185,0.49149,0.44209,0.30721,-0.37579,-0.024763,-0.11032,-0.012308,0.03242,-0.12376,0.04496,0.073365,0.39419,0.016415,0.010351,-0.1065,0.64968,0.63127,0.49873,0.032732,0.025688,0.45658999999999994,0.49053,0.01535,0.050241
96,0.1107,-0.022783,0.4858,0.4557,0.31915,-0.38777,0.054189999999999995,-0.15064,0.029287999999999998,0.060047,-0.097202,0.02765,-0.004793,0.37045,-0.016641999999999997,-0.015761,-0.13789,0.64977,0.61311,0.5049899999999999,0.028487000000000002,0.019265,0.46315,0.49973999999999996,-0.021176,0.092098
97,0.066603,-0.10309000000000001,0.49151000000000006,0.4546,0.33684000000000003,-0.36632,0.18475,-0.18644000000000002,0.041443,0.044663999999999995,-0.018219,-0.0033951,-0.094682,0.36801999999999996,-0.075686,-0.028974,-0.084198,0.63268,0.60932,0.5021,0.012884,0.0033964,0.47753,0.51742,-0.035078,0.099453
98,0.019868,-0.12795,0.5009600000000001,0.4651,0.34229,-0.33733,0.23596999999999999,-0.1322,0.0056442,0.018721,0.029226,-0.013434999999999999,-0.10185,0.40542,-0.096607,-0.020315,-0.01942,0.61345,0.61912,0.48573,-0.007157300000000001,-0.033252,0.49456000000000006,0.5239199999999999,-0.013758000000000001,0.10601
99,0.013500999999999999,-0.1121,0.5152100000000001,0.47946000000000005,0.35507,-0.32963000000000003,0.18033,0.001794,-0.03841,-0.01927,-0.0017463000000000001,0.045223,-0.015766,0.42273999999999995,-0.053752,-0.026247000000000003,0.018316,0.60573,0.63885,0.46323000000000003,-0.049076999999999996,-0.095635,0.50654,0.52479,0.010226,0.1079
100,0.052551,-0.075739,0.52527,0.47795,0.3834,-0.33726999999999996,0.09350900000000001,0.095433,-0.050345,-0.017506999999999998,-0.052703,0.1253,0.082998,0.41229,0.0019464999999999999,-0.070368,0.047311,0.6138399999999999,0.6505,0.45256,-0.10342,-0.13027,0.49787,0.5241,0.0055528999999999995,0.051755999999999996
101,0.11962,-0.047835,0.52946,0.46713000000000005,0.41123000000000004,-0.33596,0.0307,0.11098,-0.034387,0.026309,-0.083481,0.13462000000000002,0.091519,0.3963,0.025657,-0.09099700000000001,0.06496,0.62879,0.64678,0.46242,-0.11653,-0.12193,0.4781,0.52404,-0.024149,-0.0081099
102,0.16022,-0.022574,0.52258,0.46492,0.41376999999999997,-0.32774000000000003,0.011067,0.076766,-0.015785,0.05671,-0.031296,0.0587,-0.0088864,0.37706,0.067513,-0.052351,0.05581900000000001,0.64015,0.64043,0.48046000000000005,-0.08716499999999999,-0.095511,0.47172,0.53089,-0.050128,-0.036155
103,0.15689,0.0047934,0.49805,0.46403,0.40588,-0.3312,0.0056878,-0.021147,-0.0022586999999999998,0.064841,0.07182100000000001,0.0022305,-0.12478,0.3668,0.09477200000000001,0.007785300000000001,0.046064,0.64941,0.63351,0.49815,0.00024459,-0.014341,0.48363,0.52782,-0.029677999999999996,-0.06394
104,0.14038,0.021255,0.48368,0.46521999999999997,0.39305,-0.3324,-0.014921,-0.08174,0.0007282,0.077517,0.12817,-0.020242,-0.14354,0.36889,0.0805,0.038456,0.055153999999999995,0.6563399999999999,0.62816,0.50943,0.10486,0.10520999999999998,0.50015,0.5130899999999999,0.026788,-0.092224
105,0.098424,0.010059,0.49451999999999996,0.46551000000000003,0.37162,-0.3323,-0.0097245,-0.074035,-0.020786000000000002,0.07184299999999999,0.066088,-0.0035071,-0.067942,0.3815,0.047211,0.035979000000000004,0.061015999999999994,0.64982,0.61878,0.51326,0.15405,0.15887,0.5000899999999999,0.49023999999999995,0.067682,-0.12818
106,0.022566,-0.0054863,0.4776,0.42399,0.29901,-0.26150999999999996,0.0012472000000000002,-0.042666,-0.069288,0.040109,-0.064002,0.053765,0.0029355,0.31821,0.022119999999999997,-0.011937999999999999,0.042981,0.53145,0.51407,0.41818999999999995,0.17665999999999998,0.10191,0.39886,0.37884,0.062358000000000004,-0.12432
107,-0.025671,0.011089,0.32271,0.24896,0.15571,-0.08065499999999999,0.0041076,-0.013246,-0.05655,0.032801,-0.109,0.12975,0.017908,0.13205,0.011446,-0.09283,-0.005964100000000001,0.26700999999999997,0.27328,0.18026,0.20085,0.045048000000000005,0.15425,0.14887,0.020674,-0.089684
108,-0.034520999999999996,0.022294,0.08453300000000001,0.018638,0.00077168,0.08930199999999999,0.0031008000000000003,0.019288,0.036758,0.0279,-0.07369400000000001,0.17031,-0.016751,-0.062691,0.003956,-0.10941,-0.046781,0.005377300000000001,0.025833999999999996,-0.059142999999999994,0.16122,0.039074,-0.10595999999999998,-0.07861,-0.045739,-0.05779600000000001
109,-0.021118,0.027523000000000002,-0.10199,-0.15159,-0.10496,0.18219000000000002,-0.016461,0.062291,0.13971,-0.0060161,-0.05587999999999999,0.1671,-0.032587,-0.1887,0.0061512,-0.03518,-0.069332,-0.14352,-0.13022,-0.19818,0.12588,-0.004329100000000001,-0.27037,-0.22216999999999998,-0.084645,-0.027339
110,-0.027562,0.0173,-0.20575,-0.23926999999999998,-0.15787,0.20511,-0.024558,0.056215999999999995,0.18765,-0.06587799999999999,-0.050167,0.13179000000000002,-0.0233,-0.24065,0.0078183,0.010294,-0.058515,-0.18183,-0.19163,-0.25199,0.15844,-0.05148200000000001,-0.32533,-0.28553,-0.073181,0.0056128
111,-0.042362000000000004,0.008262899999999998,-0.25001,-0.26458000000000004,-0.18032,0.2034,-0.023305000000000003,0.03603,0.15195,-0.11859000000000001,0.0084645,-0.0024784000000000004,0.016796000000000002,-0.24928000000000003,-0.010657,-0.018843000000000002,-0.026606,-0.17893,-0.20195,-0.2674,0.20935,-0.050921,-0.30853,-0.30489,-0.060125,0.06526699999999999
112,-0.018851,0.037791000000000005,-0.26250999999999997,-0.25490999999999997,-0.19044,0.2239,-0.029398,0.074989,0.10259000000000001,-0.14914000000000002,0.11095,-0.12843,0.10377,-0.24047,-0.022754,-0.035469,0.034091,-0.17797000000000002,-0.20492,-0.27404,0.21245999999999998,-0.031684,-0.28009,-0.30541999999999997,-0.062234000000000005,0.094644
113,0.005684300000000001,0.06654600000000001,-0.2625,-0.23976999999999998,-0.17718,0.24499,-0.027447000000000003,0.12752,0.091039,-0.16205,0.13544,-0.16218,0.15123,-0.2282,-0.0029158,-0.022703,0.097386,-0.17862999999999998,-0.21014000000000002,-0.28717,0.16426,-0.036626,-0.26952,-0.29853,-0.049047,0.11298
114,0.00053617,0.063371,-0.2505,-0.24465,-0.13982999999999998,0.25465,-0.006045399999999999,0.045170999999999996,0.08782000000000001,-0.1421,0.06966900000000001,-0.19322999999999999,0.1089,-0.2277,0.015158000000000001,-0.0063996,0.075116,-0.18212,-0.21518,-0.30201,0.082251,-0.058534,-0.27474,-0.30062,-0.005092899999999999,0.11515999999999998
115,-0.0041838,0.038149,-0.23129,-0.24741,-0.094282,0.24739,-0.0078882,-0.086784,0.083108,-0.08039600000000001,-0.053163,-0.19818,0.044918,-0.2181,-0.0011069,-0.0093746,-0.01053,-0.17461,-0.20603000000000002,-0.29568,0.013857,-0.030519,-0.28300000000000003,-0.29417,0.018696,0.073697
116,-0.0023649,0.017393000000000002,-0.22036999999999998,-0.24111,-0.064935,0.24484,-0.054659000000000006,-0.10066,0.092071,-0.010805,-0.19554000000000002,-0.14634,0.010813,-0.20462,-0.072282,-0.039944,-0.10011,-0.16366,-0.19363,-0.28702,0.0057276,0.014083000000000002,-0.29023000000000004,-0.2797,0.011847,0.031925999999999996
117,-0.00064065,0.025911,-0.20354,-0.22854000000000002,-0.061014,0.25034,-0.08608099999999999,-0.054937,0.082949,0.015511000000000002,-0.2465,-0.091837,-0.0003215,-0.20396,-0.1543,-0.046583,-0.15248,-0.15125999999999998,-0.18896,-0.2785,0.032974,0.028852,-0.28988,-0.25409,0.019618,0.017302
118,-0.00032183,0.070756,-0.19274000000000002,-0.21991999999999998,-0.074367,0.24627,-0.089587,-0.042241,0.047007,-0.0025266,-0.18212,-0.076815,-0.0019969000000000002,-0.20403,-0.20396,-0.035985,-0.16829000000000002,-0.14598,-0.18965,-0.27151,0.060028,0.022325,-0.28859,-0.23384000000000002,0.043181,0.010905
119,0.0010664000000000001,0.1089,-0.20540999999999998,-0.22357,-0.075431,0.23081999999999997,-0.06642,-0.075744,0.016242,-0.0015164000000000002,-0.06415599999999999,-0.082006,-0.021924000000000003,-0.19901,-0.18606,-0.048833,-0.14920999999999998,-0.16055999999999998,-0.1808,-0.26705,0.056942999999999994,0.031538,-0.29068,-0.2328,0.063085,-0.029972000000000002
120,-0.028531,0.069923,-0.23221,-0.23848000000000003,-0.056912,0.21151999999999999,-0.036811,-0.15347,-0.048724,0.054979999999999994,0.032188,-0.10221000000000001,-0.049427,-0.18503,-0.092038,-0.044252,-0.094311,-0.18128,-0.16623,-0.26571999999999996,0.03767,0.089995,-0.29386999999999996,-0.25169,0.055411,-0.051466
121,-0.07977100000000001,-0.0066094,-0.26029,-0.25409,-0.044515,0.21641,-0.029061,-0.18888,-0.10966,0.10328,0.063058,-0.15872999999999998,-0.032685000000000006,-0.16864,-0.008915000000000001,-0.0019322,-0.023169,-0.19229000000000002,-0.16287000000000001,-0.26628,0.014896000000000001,0.15617,-0.29447,-0.27726999999999996,0.012048999999999999,-0.08785499999999999
122,-0.11544000000000001,-0.023976,-0.28041,-0.25093000000000004,-0.06766799999999999,0.25213,-0.028009,-0.10697000000000001,-0.085285,0.10928,0.047484,-0.2103,0.012407,-0.16789,0.047799,0.0099132,0.036325,-0.1931,-0.16842000000000001,-0.26561,-0.01898,0.13895,-0.28431999999999996,-0.28296,-0.033811,-0.11850999999999999
123,-0.1334,0.0053964,-0.2787,-0.24639,-0.08305900000000001,0.26647,-0.040304,0.00087506,0.0056508,0.11452000000000001,0.047534,-0.17652,0.027701999999999997,-0.17542,0.059113,-0.03243,0.051972000000000004,-0.19030999999999998,-0.17507,-0.27247,-0.048723,0.053199,-0.26997,-0.27788,-0.048320999999999996,-0.082423
124,-0.10223,0.0069967,-0.27347,-0.24293,-0.087089,0.24656,-0.069479,0.070667,0.07233099999999999,0.12534,0.064342,-0.079686,0.039641,-0.17623,0.040895,-0.084553,0.058891,-0.1879,-0.17933,-0.2864,-0.07266,-0.011954000000000001,-0.25801,-0.26386,-0.033731,-0.033843
125,-0.032747000000000005,-0.0005323999999999999,-0.27708,-0.23923000000000003,-0.1059,0.25145,-0.066108,0.098025,0.09208999999999999,0.076949,0.071786,0.003134,0.05839199999999999,-0.17797000000000002,0.044025,-0.079044,0.07484099999999999,-0.18965,-0.1781,-0.29971,-0.10224,-0.018797,-0.24703000000000003,-0.25874,-0.05934,0.016304
126,0.046452999999999994,0.018308,-0.26800999999999997,-0.23488,-0.11492999999999999,0.30485999999999996,-0.044974,0.1053,0.11305,-0.00054856,0.095789,0.028192000000000002,0.076173,-0.19287,0.073996,-0.010957,0.045451,-0.19128,-0.17732,-0.29636,-0.1158,-0.014728,-0.24954,-0.28071,-0.10855999999999999,0.054241
127,0.076214,0.052972000000000005,-0.25286,-0.23771,-0.11465999999999998,0.34891,-0.057414,0.10161,0.1322,-0.031539,0.12735,-0.020906,0.086159,-0.20335999999999999,0.077689,0.053903,-0.030597000000000003,-0.18997999999999998,-0.18945,-0.2725,-0.089193,-0.031435000000000005,-0.26468,-0.29935,-0.14118,0.057434000000000006
128,0.074258,0.080748,-0.26125,-0.25372,-0.10757,0.332,-0.09316,0.12147999999999999,0.14509,-0.030930000000000003,0.13267,-0.033817,0.037212999999999996,-0.20854,0.011793000000000001,0.086918,-0.1014,-0.18766,-0.19676,-0.25114000000000003,-0.050529000000000004,-0.015809,-0.27093,-0.30066,-0.13067,0.053361
129,0.07655,0.055582000000000006,-0.27607,-0.26796,-0.1192,0.28049,-0.067622,0.15861,0.1524,-0.0035871,0.071889,-0.00043660000000000004,-0.043382,-0.19845,0.012745999999999999,0.093083,-0.12082000000000001,-0.18234,-0.18896,-0.24739,-0.060029,-0.00089872,-0.26008000000000003,-0.28047,-0.064467,0.07320499999999999
130,0.039332,-0.013789,-0.28115999999999997,-0.2878,-0.15852,0.2423,0.010433,0.12889,0.10034,0.043209,-0.0007496,0.037885,-0.072237,-0.17711,0.11214,0.09031,-0.076163,-0.18061,-0.18072,-0.25806999999999997,-0.1222,-0.034337,-0.23993,-0.26253000000000004,0.011273,0.13893
131,0.020191,-0.064082,-0.27166999999999997,-0.29957,-0.20092000000000002,0.23109000000000002,0.046165,0.040875,0.0017577000000000003,0.09034600000000001,-0.023597,0.084661,-0.051809,-0.17088,0.18151,0.13477999999999998,-0.041908,-0.18625,-0.17423,-0.26186,-0.16408,-0.027302999999999997,-0.22869,-0.26563000000000003,0.081988,0.18477000000000002
132,0.030489999999999996,-0.048494,-0.25904,-0.29386,-0.19513,0.24128000000000002,0.018917,-0.032866,-0.047327,0.098221,-0.007366299999999999,0.082232,-0.017469,-0.17446,0.1781,0.1996,-0.017028,-0.18964,-0.18142,-0.25577,-0.15449000000000002,0.011353,-0.24214000000000002,-0.27902,0.15302000000000002,0.17074
133,0.051987,-0.009551899999999999,-0.25504,-0.27709,-0.13287000000000002,0.24725,-0.025379,0.007635300000000001,-0.041161,0.019816,0.03412,0.048723,0.04149,-0.19304000000000002,0.11849000000000001,0.1826,0.060115999999999996,-0.18112999999999999,-0.19922,-0.24829,-0.11704,0.0071643,-0.2669,-0.29877,0.1776,0.11108
134,0.049152,0.025761000000000003,-0.26095,-0.2633,-0.077314,0.2189,-0.044765,0.09516799999999999,-0.023403,-0.067488,0.092933,0.012079000000000001,0.10579000000000001,-0.19804000000000002,0.038803,0.10833,0.11298,-0.16727999999999998,-0.20481,-0.2271,-0.06752799999999999,0.0073932,-0.28188,-0.30308,0.096916,0.060778
135,-0.02453,0.071496,-0.2308,-0.23395,-0.06250800000000001,0.11567000000000001,-0.053299,0.066854,-0.011571,-0.031448000000000004,0.17881,-0.008971,0.087095,-0.12815,-0.017165,0.058963999999999996,0.099682,-0.15868,-0.19418,-0.14808,-0.022608,0.018318,-0.2086,-0.20781999999999998,0.0058555,0.045903
136,-0.094657,0.058497,-0.086547,-0.1198,-0.07332799999999999,-0.05436900000000001,-0.045613,-0.028175,-0.041227999999999994,0.054522,0.24384,-0.0085141,-0.006290100000000001,0.020534,-0.027798000000000003,0.016016,0.07746499999999999,-0.15812,-0.18225999999999998,0.013938999999999998,0.021338,0.035138,-0.015852,0.004302,0.034527999999999996,-0.038836
137,-0.11628,0.0079358,0.0899,0.043323,-0.1021,-0.22654000000000002,-0.005116600000000001,-0.091772,-0.09209099999999999,0.061617,0.22407,0.026202,-0.079814,0.16376,0.00073255,-0.0068902,0.11287,-0.16685,-0.17856,0.18125,0.071387,0.067838,0.17764000000000002,0.20745999999999998,0.082028,-0.17865
138,-0.083624,-0.01856,0.21291999999999997,0.17417,-0.14435,-0.33269,-0.0028403,-0.041208,-0.1181,-0.0044137000000000004,0.16426,0.08480800000000001,-0.11016,0.24766999999999997,0.058059000000000006,0.052938,0.15577,-0.17748,-0.17388,0.2936,0.077139,0.06962,0.2954,0.31458,0.095703,-0.22224000000000002
139,-0.019393999999999998,-0.020257,0.2711,0.26111999999999996,-0.16518,-0.35673,-0.030287,0.055712,-0.11024,-0.060502,0.094845,0.06930700000000001,-0.087252,0.28958,0.073988,0.12805,0.12778,-0.19296,-0.16922,0.34265,0.028794999999999998,0.070974,0.34053,0.34429,0.087752,-0.12877
140,0.019071,-0.045632,0.28544,0.30371,-0.13655,-0.34181,-0.040052,0.086535,-0.07199,-0.08624,0.05935599999999999,0.029335000000000003,-0.020062,0.31393000000000004,0.015847,0.10632,0.092224,-0.20703000000000002,-0.17095,0.34184000000000003,-0.0080285,0.095634,0.34025,0.34975,0.063092,-0.035223000000000004
141,0.029883999999999997,-0.088799,0.27575,0.3007,-0.06919700000000001,-0.33439,-0.011207,0.032895999999999995,-0.011337999999999999,-0.082786,0.080581,0.021231,0.0084384,0.31034,-0.052449,0.010205,0.072786,-0.21198000000000003,-0.17620999999999998,0.32985,0.016829,0.13105999999999998,0.32955,0.36624,0.045364999999999996,-0.050272000000000004
142,0.037131,-0.08240499999999999,0.2724,0.28515,-0.016381,-0.33716,0.030021,-0.052046,0.059986000000000005,-0.034619,0.10195,-0.0023785,0.0058761,0.28186,-0.06244299999999999,-0.059129999999999995,0.08520499999999999,-0.21748,-0.19188,0.30316,0.038031999999999996,0.12777,0.33208000000000004,0.37676,0.028018,-0.10390999999999999
143,0.047973,-0.08404400000000001,0.28463,0.2797,-0.019541,-0.34621,0.089942,-0.036631,0.11706,0.0028561,0.10862000000000001,-0.041394,0.039937,0.2653,-0.037729,-0.082751,0.13042,-0.2171,-0.21126,0.27399,-0.011126,0.032547,0.36207,0.36753,0.041677,-0.11653
144,0.057130999999999994,-0.10395,0.29658,0.27224,-0.06439099999999999,-0.35270999999999997,0.15366,0.042704,0.14159000000000002,0.028189,0.097483,-0.053634,0.071424,0.27015,-0.010625,-0.099953,0.12577,-0.20318,-0.20831,0.26055,-0.022807,-0.078398,0.38513000000000003,0.35439,0.080667,-0.10912000000000001
145,0.058197000000000006,-0.086788,0.30339,0.25859,-0.11297,-0.36395,0.13935999999999998,0.054967999999999996,0.13339,0.014587000000000001,0.073522,-0.056669000000000004,0.031604,0.29557,0.026126,-0.095986,0.045869,-0.18139,-0.19135,0.26195,0.026136000000000003,-0.086471,0.37793000000000004,0.36095,0.078827,-0.10226
146,0.048794,-0.054189,0.28311,0.25963,-0.13226,-0.38258000000000003,0.07911699999999999,0.016015,0.088348,-0.060603,0.072129,-0.068632,-0.026860000000000002,0.32921999999999996,0.038718999999999996,-0.040215,-0.036504,-0.15928,-0.18345999999999998,0.25126,0.07446699999999999,0.0024565,0.35665,0.37139,0.0091402,-0.023844
147,0.047255,-0.015153999999999999,0.25473,0.2873,-0.15006,-0.38716,0.045885,0.025401,0.042541,-0.10935999999999998,0.13296,-0.042062,-0.016644,0.35083000000000003,0.0045914,0.027616,-0.081458,-0.15199000000000001,-0.19003,0.22,0.10845,0.079764,0.34855,0.36785999999999996,-0.07899199999999999,0.055488
148,0.056348,0.021726,0.24352,0.30494,-0.19318,-0.37719,0.059762,0.062360000000000006,0.032104,-0.080033,0.18734,-0.0067818,0.0073122,0.35462,-0.019214,0.039569,-0.096367,-0.15154,-0.19666,0.20701999999999998,0.13601,0.086201,0.3537,0.37074,-0.10042000000000001,0.084337
149,0.076222,0.009828100000000001,0.24720999999999999,0.29758,-0.19251,-0.37281,0.094637,0.042767,0.049875,-0.030218000000000002,0.16024000000000002,-0.013235,0.031914,0.35065,-0.034207999999999995,0.0052692,-0.07664800000000001,-0.1531,-0.19448,0.21921,0.15056,0.052535000000000005,0.35675999999999997,0.39461999999999997,-0.070921,0.082491
150,0.1052,-0.053405999999999995,0.26466,0.27462,-0.12328,-0.36793000000000003,0.11947999999999999,0.015378999999999999,0.067166,-0.060077,0.074813,-0.0056828,0.059148,0.3364,-0.030424,-0.066815,-0.037687,-0.16293,-0.18573,0.23613,0.13377,-9.814700000000001e-05,0.36093000000000003,0.40746,-0.035993,0.052001
151,0.12694,-0.11389,0.29315,0.25874,-0.074407,-0.35911,0.11922,-0.009146099999999999,0.074739,-0.10038,-0.018706,0.057989,0.057346,0.31989,-0.024669,-0.12595,-0.012546999999999999,-0.17404,-0.1746,0.25545999999999996,0.086434,-0.013809,0.37556,0.38709,0.0064895,0.03655
152,0.15528,-0.14607,0.32019000000000003,0.25756,-0.071322,-0.34397,0.076699,-0.036738,0.055242999999999993,-0.058075,-0.042683,0.11344000000000001,0.020153,0.29911,0.0033582,-0.060473,-0.042724,-0.17869000000000002,-0.17112,0.27013000000000004,0.024212,0.03617,0.37156999999999996,0.35202,0.020079,0.032717
153,0.13224,-0.12080999999999999,0.3207,0.26779000000000003,-0.09385,-0.33901,0.030087,-0.044731,0.0053688,-0.017131999999999998,0.0066543999999999996,0.061124,-0.026797,0.27353,0.083513,0.053692,-0.093811,-0.17609,-0.17398,0.27232,-0.036011,0.03827,0.3476,0.34285,0.00057769,0.005675
154,0.063183,-0.056545000000000005,0.29461,0.26647,-0.13321,-0.34384000000000003,-6.511100000000001e-05,-0.024975,-0.044313,-0.038599,-0.0039220999999999995,-0.039583,-0.036763,0.26811999999999997,0.10699000000000002,0.13293,-0.09085700000000001,-0.17325,-0.17808,0.26016999999999996,-0.051240999999999995,-0.0062354,0.34531999999999996,0.35803,-0.017561,-0.020118
155,0.031986,-0.0060278,0.26503000000000004,0.24863000000000002,-0.14815,-0.33476,-0.028873000000000003,-0.0032111999999999996,-0.054167999999999994,-0.071688,-0.046102,-0.06169500000000001,-0.028873000000000003,0.27479000000000003,0.073001,0.16338,-0.072499,-0.17587,-0.18100000000000002,0.25375,-0.019842,-0.015599000000000002,0.3476,0.37506,-0.014583,-0.027254
156,0.054497000000000004,0.029325999999999998,0.22945,0.22773000000000002,-0.14841,-0.25866999999999996,-0.056186,0.0022332,-0.034719,-0.065568,-0.0083013,-0.024621,-0.035696,0.20889000000000002,0.010395,0.11363,-0.043085000000000005,-0.18835,-0.18628,0.19545,0.027886,-0.027764999999999998,0.26129,0.30694,-0.0074140000000000005,-0.06671
157,0.096343,0.036591000000000005,0.11759000000000001,0.11539,-0.13113,-0.08527699999999999,-0.054041,0.024367,-0.017181000000000002,-0.025217,0.05837899999999999,0.021749,-0.052739999999999995,0.049749,-0.023431999999999998,0.035981,0.004127399999999999,-0.20022,-0.20033,0.038223,0.062661,-0.091894,0.061335,0.10442,-0.0026550000000000002,-0.10555
158,0.1223,0.035363,-0.052883000000000006,-0.051721,-0.088996,0.096194,-0.017984,0.011553,-0.026561,0.0046628,0.092224,0.035699,-0.046866000000000005,-0.11623,0.0024166,0.0033856999999999997,0.049838,-0.19615,-0.21155,-0.13265,0.05669299999999999,-0.12473,-0.1376,-0.11470999999999999,-0.017274,-0.097965
159,0.10767,0.034921,-0.18857000000000002,-0.1761,-0.055978999999999994,0.20586,0.024479,-0.048792,-0.089529,-0.0040426,0.08083,-0.0102,-0.025849,-0.22379000000000002,0.037881,0.022371000000000002,0.11382,-0.17622000000000002,-0.20739000000000002,-0.24579,0.010848,-0.10912000000000001,-0.25453000000000003,-0.24585,-0.056788,-0.08648099999999999
160,0.047706,0.025412999999999998,-0.25828,-0.24306999999999998,-0.043460000000000006,0.23631999999999997,0.056278999999999996,-0.1331,-0.15813,-0.020472,0.056455,-0.081756,-0.04623,-0.24308000000000002,0.073176,0.0016549,0.1691,-0.15502,-0.19121,-0.29591,-0.02025,-0.11975999999999999,-0.30916,-0.29335,-0.072576,-0.089889
161,-0.017121,0.016779,-0.28484,-0.26755999999999996,-0.049404,0.22601999999999997,0.09052,-0.20634,-0.16593,-0.024954,0.031936,-0.12301,-0.087252,-0.21278000000000002,0.04326,-0.021196,0.16902999999999999,-0.15032,-0.17997,-0.31895,-0.004469,-0.14207,-0.32929,-0.29735,-0.056412000000000004,-0.034607
162,-0.056201999999999995,-0.0103,-0.28253,-0.26026,-0.064104,0.2111,0.135,-0.22264,-0.097024,-0.019249000000000002,-0.012343000000000002,-0.10542,-0.061576,-0.2037,-0.012753,0.0060961999999999995,0.11255,-0.16022999999999998,-0.19297,-0.32938,0.030785000000000003,-0.1305,-0.31918,-0.29259,-0.06701,0.058241999999999995
163,-0.053285,-0.028752999999999997,-0.26189,-0.24155,-0.07082999999999999,0.20664000000000002,0.15596,-0.18977,-0.030436,-0.012239,-0.047925,-0.061284000000000005,-0.034435,-0.22246,-0.016863,0.010875,0.048425,-0.17443,-0.21659,-0.31346999999999997,0.05823,-0.065813,-0.29559,-0.29457,-0.080327,0.09879500000000001
164,-0.047555,-0.054030999999999996,-0.25844,-0.23326,-0.068593,0.22536,0.11925999999999999,-0.1291,-0.014886000000000002,-0.006923100000000001,-0.070469,-0.007742399999999999,-0.06525299999999999,-0.24866,-0.00086246,0.023653999999999998,0.01144,-0.18378,-0.21911,-0.28826999999999997,0.031156,-0.018497,-0.28748,-0.30878,-0.026233999999999997,0.096109
165,-0.037977,-0.10415999999999999,-0.26561,-0.2268,-0.073848,0.23583,0.042508,-0.082268,0.0047982,-0.015536000000000001,-0.062067,0.038865,-0.091559,-0.25519000000000003,-0.007336100000000001,0.052285000000000005,-0.0070924,-0.18354,-0.19774,-0.26855999999999997,-0.05274500000000001,-0.019303,-0.2776,-0.31981,0.0839,0.062333000000000006
166,-0.019258,-0.1241,-0.27526999999999996,-0.23876999999999998,-0.088022,0.22666,-0.024429,-0.045502999999999995,0.051288,-0.08996900000000001,-0.033755,0.022334,-0.09476799999999999,-0.22993000000000002,-0.0168,0.0582,-0.026075,-0.18242,-0.17144,-0.26091,-0.05281,-0.02192,-0.2653,-0.31213,0.13959000000000002,0.022884
167,-0.020978999999999998,-0.14405,-0.27616,-0.26061,-0.11158,0.22441,-0.065571,-0.017675,0.097825,-0.17162,-0.011337,-0.026361000000000002,-0.045198,-0.19437000000000001,-0.053652,0.039645,-0.040651,-0.19038,-0.15842,-0.24838000000000002,0.023707,-0.039508999999999996,-0.26223,-0.2962,0.08354400000000001,0.016659999999999998
168,-0.018675999999999998,-0.18621,-0.26300999999999997,-0.26345999999999997,-0.13101,0.22114,-0.11567000000000001,-0.024727000000000002,0.13030999999999998,-0.19805999999999999,0.035313,-0.046194,0.01882,-0.18561,-0.12807000000000002,-0.017800999999999997,-0.03637,-0.19061,-0.16387000000000002,-0.23437,0.03893,-0.066139,-0.27212,-0.29333000000000004,0.0042302,0.060147000000000006
169,-0.02797,-0.16253,-0.24848,-0.25335,-0.13095,0.21781,-0.16549,-0.010556,0.14919000000000002,-0.18512,0.077546,-0.014843,0.048579000000000004,-0.21011999999999997,-0.14067000000000002,-0.075738,-0.026087,-0.17465,-0.17078,-0.23588,0.019517,-0.066177,-0.27860999999999997,-0.28614,-0.01786,0.073556
170,-0.043028,-0.093841,-0.23493000000000003,-0.2375,-0.13046,0.23055,-0.14281,0.046413,0.14128,-0.13516,0.09036799999999999,0.062751,0.045668,-0.23112,-0.10977999999999999,-0.12013,0.0035073,-0.16296,-0.17182999999999998,-0.23544,0.0018754000000000002,-0.08291799999999999,-0.26719,-0.26745,-0.009937200000000002,0.037138
171,-0.038958,-0.050868000000000003,-0.22401999999999997,-0.21705,-0.12407,0.22296,-0.08263999999999999,0.067964,0.1104,-0.078859,0.081703,0.086846,0.023545,-0.23775,-0.10126,-0.1394,0.054848,-0.16187,-0.17329,-0.22303,-0.0019329,-0.11503,-0.25606,-0.25964,-0.0035624000000000003,0.023177
172,-0.024961,-0.062552,-0.22261999999999998,-0.20863,-0.10157999999999999,0.22425,-0.048291,0.046075,0.067083,-0.039228,0.080566,0.023857,-0.0072494,-0.2555,-0.073907,-0.12078,0.081876,-0.16519,-0.17592,-0.22054,0.010655,-0.091438,-0.26194,-0.2644,-0.019528999999999998,0.010515
173,-0.041618,-0.092503,-0.24469000000000002,-0.20611999999999997,-0.087408,0.26314,-0.03157,0.020161000000000002,-0.024191999999999998,-0.021315999999999998,0.10593,-0.010794,-0.044673000000000004,-0.27706,-0.022789,-0.093271,0.047175,-0.17203,-0.18239,-0.22769,0.03606,-0.046919,-0.2817,-0.27616,-0.086663,-0.029307
174,-0.072701,-0.098359,-0.25909,-0.21325999999999998,-0.099663,0.29758,-0.017754,0.021999,-0.10643,-0.014387,0.13315,-0.012073,-0.014022,-0.28426,-0.0078767,-0.071187,-0.010123,-0.18025,-0.18132,-0.23043000000000002,0.027551,-0.006862999999999999,-0.2956,-0.28656,-0.14388,-0.056088
175,-0.083554,-0.093311,-0.25881,-0.22684,-0.1242,0.28336,0.0056305,0.01067,-0.11169000000000001,-0.0042844,0.12444000000000001,-0.0088381,0.058614,-0.27881,-0.031692000000000005,-0.040387,-0.010421,-0.18579,-0.17117000000000002,-0.23256999999999997,-0.016557,0.029845999999999998,-0.28307,-0.29466,-0.13078,-0.062544
176,-0.095019,-0.088524,-0.25739,-0.23835,-0.12868,0.24215,0.050694,-0.042661000000000004,-0.088173,-0.022789,0.0853,0.010099,0.060378999999999995,-0.25406,-0.011498,0.0024704,0.061799,-0.19125999999999999,-0.16784000000000002,-0.24378000000000002,-0.014834,0.042379,-0.24938000000000002,-0.29925,-0.08859500000000001,-0.047204
177,-0.064621,-0.090135,-0.25435,-0.25661,-0.11914000000000001,0.23085999999999998,0.080639,-0.082572,-0.07379400000000001,-0.030631,0.06479,0.035994,0.011542,-0.22186,0.042269,0.010567,0.13163,-0.20104,-0.17462,-0.25581,0.0012913,0.049861,-0.22555,-0.29884,-0.063213,0.012249
178,-0.038402,-0.10751,-0.24366999999999997,-0.2635,-0.11994,0.23845,0.06864400000000001,-0.10862000000000001,-0.072148,0.028831,0.1127,0.05484,0.004483399999999999,-0.2017,0.054976,-0.021091,0.14624,-0.20265999999999998,-0.18267,-0.25701999999999997,-0.012458,0.036873,-0.23071999999999998,-0.29331999999999997,-0.021262,0.04709
179,-0.037150999999999997,-0.16467,-0.2331,-0.25969000000000003,-0.12793,0.23260999999999998,0.01616,-0.09476,-0.090462,0.0983,0.15875999999999998,0.039116000000000005,0.035306,-0.20213,0.044701,-0.060796,0.14225,-0.19616,-0.19269,-0.25181,-0.02313,0.020980000000000002,-0.25561999999999996,-0.27943,0.045055,0.018078
180,-0.012454,-0.20456,-0.24043,-0.2543,-0.13868,0.2245,-0.032728,-0.059074,-0.11824000000000001,0.08065800000000001,0.12440999999999999,0.017029,0.044495,-0.22223,0.051086,-0.096384,0.12452,-0.19389,-0.20792,-0.24199,-0.016519,0.03245,-0.29069,-0.27086,0.10405999999999999,-0.032569
181,-0.028997000000000002,-0.16844,-0.24511999999999998,-0.25573,-0.15743,0.21381,-0.011170000000000001,-0.041109,-0.10225,-0.0016867999999999998,0.066946,0.001967,0.036444,-0.22349000000000002,0.071852,-0.082121,0.10500999999999999,-0.18792999999999999,-0.20818000000000003,-0.23638,0.008242399999999999,0.05536900000000001,-0.31481,-0.26623,0.098353,-0.039786
182,-0.08706599999999999,-0.10749,-0.24774000000000002,-0.25821,-0.16706,0.19414,0.081331,-0.018026,-0.021575,-0.051158999999999996,-0.010051000000000001,0.0080357,0.064361,-0.212,0.063894,-0.043094,0.12861,-0.17521,-0.19016,-0.24800999999999998,0.035041,0.057384000000000004,-0.31206,-0.2718,0.035169,-0.001446
183,-0.1177,-0.066401,-0.25182,-0.23800000000000002,-0.14878,0.20051,0.16239,0.018218,0.031012,-0.049651999999999995,-0.13368,0.036969,0.10465,-0.20965999999999999,0.042357,-0.0062056,0.13712,-0.16285,-0.18126,-0.25583,0.018394999999999998,0.030267000000000002,-0.29008,-0.29443,-0.044494,0.017266999999999998
184,-0.068698,-0.054371,-0.25556,-0.22345,-0.10702,0.21349,0.16189,0.033669,0.017299000000000002,-0.046162,-0.20776,0.044166000000000004,0.07618899999999999,-0.21971,0.043937000000000004,0.011976,0.08028099999999999,-0.1537,-0.18711,-0.24274,-0.024242,-0.0059479,-0.26269000000000003,-0.3026,-0.071171,0.04417
185,0.0067280000000000005,-0.01845,-0.21841999999999998,-0.18937,0.004384000000000001,0.12922999999999998,0.082711,-0.00040419,-0.0019026,-0.035177999999999994,-0.19108,0.051458000000000004,0.010093000000000001,-0.15077000000000002,0.077485,0.017950999999999998,0.018269,-0.050809,-0.088699,-0.13307,-0.06245,-0.036661,-0.16257,-0.19869,-0.0141,0.063935
186,0.034776,0.026575,-0.032131,-0.022083000000000002,0.18942,-0.064121,0.011949,-0.043311,-0.025186,-0.02081,-0.11782000000000001,0.076297,-0.022680000000000002,0.044582,0.11814000000000001,0.039637,-0.009189,0.19898,0.15649000000000002,0.10092999999999999,-0.063324,-0.051424,0.055092999999999996,0.040661,0.035920999999999995,0.052295
187,0.033796,0.083235,0.22996,0.21653000000000003,0.34751,-0.24989,-0.0041898000000000005,-0.016361,-0.048598,-0.012899,-0.07172200000000001,0.08554400000000001,-0.042506,0.22916,0.10785,0.060208000000000005,-0.031924,0.45723,0.39734,0.33084,-0.061482,-0.06297,0.2795,0.27619,0.029058999999999998,0.0216
188,0.021778,0.15457,0.42291000000000006,0.40081,0.41678999999999994,-0.35839,-0.020115,0.052618,-0.047525,-0.012263,-0.062721,0.058654,-0.060037,0.33200999999999997,0.050769,0.071903,-0.034335000000000004,0.61731,0.54952,0.47255,-0.10459,-0.050976,0.42263999999999996,0.4256,-0.019287000000000002,0.020853
189,0.0081235,0.18091,0.50529,0.50483,0.4232,-0.39353,-0.060148,0.092241,-0.027892,-0.021481,-0.044351,0.023804,-0.068735,0.36687,-0.014928,0.076973,0.0041034,0.66822,0.6249600000000001,0.5224,-0.12369000000000001,-0.030264999999999997,0.47903,0.49187,-0.073586,0.022864
190,-0.0119,0.13845,0.5261899999999999,0.5405800000000001,0.39638,-0.37606999999999996,-0.082988,0.10402,-0.028295999999999998,-0.01174,-0.061797000000000005,0.020988,-0.046267,0.3573,-0.081,0.08167,0.048091,0.6581899999999999,0.6546,0.53358,-0.09278,-0.012893,0.4825,0.51582,-0.11997000000000001,-0.026083
191,-0.032982,0.053475,0.51558,0.5320199999999999,0.36429,-0.33623000000000003,-0.022174,0.09213500000000001,-0.046952999999999995,0.0085657,-0.094212,0.019405000000000002,0.022976,0.35061,-0.13133,0.086909,0.049648000000000005,0.64041,0.65935,0.54488,-0.030513,-0.006471300000000001,0.46857,0.53889,-0.15256,-0.036302999999999995
192,-0.033337,-0.0025116,0.49942,0.5263899999999999,0.35565,-0.30368,0.042315,0.094073,-0.023929,0.01495,-0.11008,-0.008760500000000001,0.09965399999999999,0.36325999999999997,-0.13658,0.084151,0.013475999999999998,0.63079,0.65442,0.5455,0.030521,-0.055259,0.4592,0.54993,-0.13518,-0.022096
193,-0.023500999999999998,-0.035,0.51385,0.54256,0.35818,-0.30756999999999995,0.0020521000000000003,0.099819,0.055941,0.025305,-0.10527,-0.008421799999999998,0.11145,0.38254,-0.094145,0.041523000000000004,0.010686,0.64165,0.6544800000000001,0.5403600000000001,0.062635,-0.18304,0.48193,0.53974,-0.1029,-0.06460199999999999
194,-0.009047399999999999,-0.067874,0.54113,0.54028,0.36700000000000005,-0.32681,-0.05330599999999999,0.10362,0.10812000000000001,0.0429,-0.052699,0.016168000000000002,0.034392,0.37827,-0.060799,-0.060763,0.061592999999999995,0.64471,0.64444,0.5321600000000001,0.060012,-0.30254000000000003,0.5061899999999999,0.5071,-0.076359,-0.10504000000000001
195,0.022394999999999998,-0.089628,0.55481,0.52453,0.41068999999999994,-0.35185,-0.079488,0.098577,0.09601900000000001,0.052280999999999994,0.013869,0.0036266,-0.045661,0.36278,-0.07394500000000001,-0.11797,0.09777000000000001,0.6359600000000001,0.63707,0.51359,0.010745999999999999,-0.31668,0.52344,0.47203999999999996,-0.06932200000000001,-0.13775
196,0.073897,-0.1356,0.53843,0.51637,0.44277,-0.37942,-0.068925,0.065544,0.072523,0.053421,0.043789,-0.030846,-0.08175199999999999,0.36178,-0.061413,-0.057721,0.087628,0.62838,0.63242,0.50203,-0.037699,-0.24256,0.53371,0.44851,-0.07208099999999999,-0.14069
197,0.10088,-0.1839,0.51859,0.50932,0.40210999999999997,-0.37753000000000003,-0.042428,0.046961,0.048520999999999995,0.041354,0.038751,-0.0032332999999999997,-0.093796,0.38666,-0.0071941,0.028395,0.068854,0.62554,0.62867,0.52396,-0.067038,-0.13464,0.52086,0.44871000000000005,-0.07860700000000001,-0.12771
198,0.059619000000000005,-0.15958,0.51423,0.50089,0.33899,-0.35441,-0.05595700000000001,0.030257,0.045603,0.0026327,0.020336,0.063968,-0.11180999999999999,0.41039,0.047055,0.045743,0.064804,0.63036,0.63073,0.5454399999999999,-0.078552,-0.032125,0.49316000000000004,0.46278,-0.064234,-0.093019
199,-0.039891,-0.088666,0.5162899999999999,0.49541,0.32526,-0.3502,-0.08697200000000001,-0.00062056,0.075807,-0.065217,0.0076946,0.05714299999999999,-0.19748,0.40331,0.058559,-0.025706,0.0081721,0.6335,0.63147,0.5542100000000001,-0.076615,0.036094,0.46792,0.47042,-0.015193,-0.046717
200,-0.13862,-0.061576,0.51495,0.49268999999999996,0.35603,-0.36938000000000004,-0.1053,-0.0034833,0.07799199999999999,-0.10352,-0.044142,0.021772,-0.24174,0.38668,0.023198,-0.079032,-0.067879,0.63721,0.63435,0.55618,-0.039712,0.022699,0.46529,0.47296000000000005,0.017082,-0.050572000000000006
201,-0.16460999999999998,-0.044562,0.51243,0.48851999999999995,0.39287,-0.40249,-0.079368,0.018843000000000002,0.052612,-0.091143,-0.11992,0.019662,-0.16605999999999999,0.36945,-0.025251,-0.05602000000000001,-0.083965,0.64975,0.64549,0.53915,-0.020759,-0.031788,0.48127,0.46657,-0.00069956,-0.047918
202,-0.13515,0.0044001000000000005,0.50746,0.48171,0.39629000000000003,-0.4375,-0.020709,0.043167000000000004,0.0029195999999999996,-0.048362999999999996,-0.13727,0.016622,-0.090074,0.3543,-0.086136,0.021746,-0.057213,0.65503,0.6594800000000001,0.51525,-0.056607000000000005,-0.04973,0.49315,0.46474,-0.034117,-0.036767
203,-0.09572,0.041588,0.4937,0.48363,0.36443000000000003,-0.43401000000000006,0.046447,0.03045,-0.057923,0.0038762000000000002,-0.07513500000000001,-0.014688,-0.085369,0.35697,-0.13757,0.10195,-0.046981999999999996,0.65303,0.66113,0.5010600000000001,-0.068634,-0.018853,0.49321000000000004,0.4811,-0.007350399999999999,-0.02465
204,-0.053247,0.059490999999999995,0.48206000000000004,0.48075,0.33568000000000003,-0.37292,0.06782,-0.018135,-0.07509600000000001,0.055059000000000004,0.007148100000000001,-0.050608999999999994,-0.081898,0.37721,-0.13731,0.12816,-0.054338,0.65167,0.65005,0.5035,-0.052066999999999995,0.02843,0.48453,0.49187,0.05952,0.0038303000000000005
205,-0.018143,0.11024,0.49013999999999996,0.47293,0.33414,-0.31604,0.015288,-0.017713999999999997,-0.052465,0.09498999999999999,0.023361,-0.053233,-0.032364,0.39718000000000003,-0.091014,0.099534,-0.027233999999999998,0.63544,0.64337,0.5071899999999999,-0.0073248,0.060766999999999995,0.47672,0.48698,0.07681,0.033385000000000005
206,0.0023648000000000002,0.12661,0.46765,0.44154,0.29224,-0.23793000000000003,-0.005270899999999999,-0.0013419,-0.021341,0.08116799999999999,0.026975,-0.05878099999999999,-0.0092666,0.3197,-0.016939,0.042005,0.017138,0.51125,0.54773,0.4105,0.037663,0.07700499999999999,0.38095999999999997,0.38706,0.08068,0.061713
207,0.027456,0.038219,0.30058,0.27092,0.18773,-0.087244,0.017453,-0.018526,0.018408,0.039966,0.06241,-0.070341,-0.020269,0.125,0.041361,0.022726,0.047779,0.2585,0.31044,0.17966,0.06765499999999999,0.060217999999999994,0.15170999999999998,0.15952,0.1001,0.09111699999999999
208,0.08504500000000001,-0.046861,0.057244,0.014541,0.10732,0.07573400000000001,0.013562000000000001,-0.065945,0.086211,-0.010918,0.069869,-0.035941,-0.015216999999999998,-0.081944,0.059858,0.040167,0.066807,0.015916999999999997,0.063261,-0.048562,0.081755,0.028076999999999998,-0.082743,-0.074566,0.10347,0.10275
209,0.12968,-0.071488,-0.14523,-0.19044,0.061332000000000005,0.19152,0.031544,-0.11532,0.17618,-0.070787,0.041621,0.014059,-0.0038734999999999998,-0.22808,0.047392000000000004,0.039648,0.055352,-0.13465,-0.10345,-0.19716,0.058319,0.0063154,-0.23435999999999998,-0.22049000000000002,0.052017999999999995,0.09754199999999999
210,0.10804000000000001,-0.078863,-0.26934,-0.27626,0.014603999999999999,0.23245,0.09076000000000001,-0.12489000000000001,0.23608,-0.08492100000000001,0.0025305999999999996,0.012452,0.022959999999999998,-0.29116,0.028518,0.033366,0.023916,-0.1997,-0.18624000000000002,-0.26100999999999996,0.028794,-0.0049948,-0.30161,-0.27499,-0.065453,0.10764000000000001
211,0.044025,-0.081205,-0.31318,-0.2755,-0.046674,0.21081,0.10024,-0.13246,0.21327,-0.029748,-0.029604000000000002,-0.027404,0.0545,-0.2982,0.015184,0.056473,-0.026798000000000002,-0.22689,-0.21741,-0.27626,0.0040644,-0.01258,-0.30595,-0.27548,-0.17425,0.085008
212,-0.019041,-0.10098,-0.31108,-0.24385,-0.075972,0.18072,0.044478,-0.14306,0.092571,0.017156,-0.10027,-0.042905,0.060903,-0.28201,0.0071357,0.083582,-0.0852,-0.23628000000000002,-0.22077,-0.2723,-0.043548,-0.0046032,-0.28298,-0.2501,-0.18175999999999998,0.020142
213,-0.05945399999999999,-0.12972999999999998,-0.29752,-0.21534,-0.049806,0.15947999999999998,0.014087,-0.1036,-0.0015276,0.019829,-0.17829,-0.034983,0.042832,-0.24806,-0.020066999999999998,0.067893,-0.1259,-0.21836,-0.20486,-0.25639,-0.09688200000000001,0.016145,-0.25755,-0.23412,-0.09627100000000001,-0.046654
214,-0.07779900000000001,-0.13316,-0.28904,-0.21815,-0.032251999999999996,0.15619,0.027861,-0.041193,-0.016863999999999997,0.027514999999999998,-0.19428,-0.025194,0.014603999999999999,-0.22796,-0.052546,0.040466,-0.10797000000000001,-0.20289000000000001,-0.19134,-0.24565,-0.11934000000000002,-0.009627799999999999,-0.23556,-0.2468,0.0017914,-0.08476
215,-0.062183,-0.10840999999999999,-0.27218000000000003,-0.22698000000000002,-0.054225,0.19078,0.043182,-0.008639200000000001,-0.05914199999999999,0.044804000000000004,-0.13602999999999998,0.0024394,0.01078,-0.22998000000000002,-0.079136,0.0056573,-0.0067607,-0.19112,-0.18026,-0.22598000000000001,-0.14775,-0.031962,-0.21645,-0.2686,0.024536000000000002,-0.08451
216,-0.047994999999999996,-0.065942,-0.25575,-0.24435,-0.095851,0.24891999999999997,0.057124,0.012286,-0.097308,0.05538200000000001,-0.057344000000000006,0.057922,0.069498,-0.23573000000000002,-0.12838,0.0043977,0.08643200000000001,-0.19012,-0.17756,-0.22635,-0.16598,-0.028429000000000003,-0.22471999999999998,-0.28717,0.010246,-0.064083
217,-0.055249,-0.043436,-0.25745,-0.25968,-0.10668,0.28325,0.0691,0.041747,-0.06604700000000001,0.0042563,-0.065104,0.11043,0.12949000000000002,-0.24341999999999997,-0.15944,0.029219,0.10147,-0.19443,-0.18255,-0.24020999999999998,-0.07115,-0.058948,-0.25711,-0.28652,-0.0024395,-0.05616
218,-0.049779000000000004,-0.028855000000000002,-0.27529000000000003,-0.27589,-0.10594,0.27526,0.088656,0.040285,-0.053342999999999995,-0.054127999999999996,-0.083137,0.13894,0.08430599999999999,-0.23567,-0.12282,0.0042425,0.08504400000000001,-0.19054000000000001,-0.19421,-0.23675,0.091403,-0.11168,-0.27978000000000003,-0.27525,-0.046458,-0.046382
219,-0.00092017,0.004453899999999999,-0.30048,-0.29496,-0.13352999999999998,0.24563000000000001,0.07384099999999999,0.0061365000000000005,-0.062658,-0.046451,-0.045651,0.11507,-0.034716000000000004,-0.23611,-0.060570000000000006,-0.062985,0.050189,-0.1791,-0.20128,-0.23231999999999997,0.18566,-0.13325,-0.2794,-0.26825,-0.06952699999999999,0.0075845
220,0.050473000000000004,0.017768,-0.31305,-0.30182,-0.15575,0.22401,0.022254,0.014144,-0.048962,-0.0079246,-0.005248699999999999,0.060142999999999995,-0.083687,-0.2558,-0.015703,-0.084458,0.014057,-0.16429000000000002,-0.19792,-0.23301999999999998,0.19535999999999998,-0.08154199999999999,-0.27509,-0.2687,-0.051303999999999995,0.033877
221,0.041233,0.00011402,-0.30291,-0.30624,-0.16239,0.21736999999999998,-0.027181,0.055298,-0.019216,0.035029000000000005,0.010854,0.017099,-0.022054,-0.24136999999999997,-0.0002952,-0.03453,0.012163,-0.15209,-0.18539,-0.2262,0.16112,-0.02806,-0.26777,-0.26682,-0.021330000000000002,-0.0060183
222,0.034401,-0.052368,-0.2829,-0.30451,-0.18142,0.2128,-0.043966000000000005,0.074913,0.037219,0.049681,-0.013578,0.0098286,0.056123,-0.22393000000000002,-0.016638,0.006515399999999999,-0.004452,-0.15152000000000002,-0.17351,-0.22411,0.0942,-0.040217,-0.26381,-0.26668000000000003,-0.019611,-0.058547
223,0.047575,-0.11656,-0.26597,-0.28728000000000004,-0.19742,0.20546,-0.019813,0.11871,0.094944,0.041607,-0.07092899999999999,0.0076245,0.094447,-0.2286,-0.045842,0.024916,-0.040449,-0.17094,-0.17101,-0.2364,0.029138999999999998,-0.041888,-0.26113000000000003,-0.27054,-0.033447000000000005,-0.07789700000000001
224,0.062229,-0.15008,-0.25837,-0.27053,-0.1773,0.18935,-0.017988,0.16354000000000002,0.12385999999999998,0.0013065,-0.09009600000000001,-0.07720700000000001,0.08381799999999999,-0.23531999999999997,-0.044601,0.06051,-0.07564,-0.19598,-0.17852,-0.25332,-0.020423,0.015627000000000002,-0.25079,-0.27391,-0.024031,-0.064907
225,0.07446699999999999,-0.1048,-0.26048000000000004,-0.25626,-0.151,0.18155,-0.035801,0.13405999999999998,0.096602,-0.02992,-0.042296,-0.17346,0.030922,-0.23624,0.019002,0.10201,-0.091265,-0.20870999999999998,-0.18817,-0.26853,-0.029235,0.07384099999999999,-0.23539000000000002,-0.28702,-0.012172,-0.065723
226,0.076699,-0.037952,-0.27614,-0.24991,-0.13067,0.18584,-0.03631,0.0068962,0.034192,-0.009720399999999999,0.023001,-0.17071,-0.013306,-0.231,0.11439,0.09585199999999999,-0.048691000000000005,-0.20551999999999998,-0.18703,-0.27371999999999996,0.019298,0.073111,-0.22426,-0.29886,-0.0021933000000000005,-0.011177
227,0.07706,-0.016444,-0.27787,-0.25679,-0.10289000000000001,0.18958,-0.006075100000000001,-0.11854,-0.0058177,0.0058537,0.081492,-0.090925,-0.04923,-0.23237,0.15519000000000002,0.080501,0.008405500000000002,-0.18865,-0.18219000000000002,-0.26278,0.08846,0.022123,-0.22973000000000002,-0.29743,0.027413,0.050518
228,0.068122,0.005861600000000001,-0.26889,-0.26742,-0.08588,0.20054,0.053284000000000005,-0.15695,-0.0030548000000000003,0.005704600000000001,0.12380999999999999,-0.039492,-0.052934,-0.22771,0.14207,0.065718,0.034702,-0.16974,-0.18032,-0.25972,0.13548,-0.036097000000000004,-0.23923000000000003,-0.28923000000000004,0.11740999999999999,0.036342
229,0.049069,0.037017,-0.26448,-0.27142,-0.074597,0.21219000000000002,0.085837,-0.097633,-0.029179000000000004,-0.018449,0.10490999999999999,-0.059944000000000004,-0.0077656999999999995,-0.22433000000000003,0.1131,0.058355,0.046457,-0.16538,-0.18001,-0.27564,0.13259,-0.07888200000000001,-0.24694000000000002,-0.28136,0.20549,0.02281
230,0.012529,0.08529500000000001,-0.249,-0.25699,-0.076686,0.21516,0.059999000000000004,-0.024617,-0.09424099999999999,-0.048184,0.055277,-0.061267999999999996,0.010022,-0.23235,0.052615999999999996,0.062264,0.041208,-0.17715,-0.18838,-0.2839,0.087933,-0.11247,-0.24145,-0.2782,0.19075999999999999,0.030699
231,0.0037849000000000003,0.13107,-0.23651999999999998,-0.24893,-0.12204000000000001,0.20881999999999998,0.037857999999999996,-0.023209999999999998,-0.1266,-0.049949,0.015038,-0.02483,0.011518,-0.20673000000000002,0.0049674,0.018969999999999997,0.0077150000000000005,-0.1913,-0.19159,-0.28568000000000005,0.055524000000000004,-0.095003,-0.24498000000000003,-0.27566999999999997,0.11623,0.049144
232,0.010766,0.13627999999999998,-0.24086999999999997,-0.24415,-0.19485999999999998,0.20144,0.043091000000000004,-0.034249,-0.11365,-0.00032836,-0.046897,0.038912,0.0096036,-0.13627,-0.012272,-0.030236000000000002,-0.037322,-0.19664,-0.17631,-0.28735,0.064795,-0.047432999999999996,-0.27844,-0.27137,0.049091,0.056264
233,0.012565999999999999,0.11432,-0.25715,-0.24314000000000002,-0.23062,0.2063,0.040664,-0.015073,-0.07914600000000001,0.088025,-0.075968,0.076166,0.0074351,-0.11060999999999999,-0.024213,-0.077549,-0.063315,-0.19846,-0.15022,-0.28357,0.07998200000000001,-0.027812,-0.30293000000000003,-0.27098,0.048695,0.042331
234,0.047228,0.086004,-0.26333,-0.24513000000000001,-0.18624000000000002,0.2208,0.057501,-0.042475,-0.077521,0.12775,-0.036206,0.04465,0.0034108000000000003,-0.1376,-0.007410600000000001,-0.11182,-0.051143,-0.19766,-0.12650999999999998,-0.26388,0.060561000000000004,-0.019198,-0.292,-0.27899999999999997,0.09099,0.041059
235,0.090321,0.045977,-0.23873000000000003,-0.20199,-0.047405,0.1567,0.076394,-0.11715,-0.10762999999999999,0.13235999999999998,0.0044824,0.039347,-0.060095,-0.090757,0.011368000000000001,-0.090436,-0.027529,-0.085771,-0.020897,-0.15238,0.010743,-0.012581,-0.17371,-0.19682,0.095955,0.063804
236,0.074701,-0.010681999999999999,-0.073136,-0.011745,0.14110999999999999,-0.011384,0.096347,-0.14227,-0.1173,0.11209000000000001,0.01602,0.090891,-0.11850999999999999,0.070123,0.0024699,-0.031277,-0.01053,0.17874,0.21903000000000003,0.073646,-0.03953,0.0016776,0.069977,0.022938,0.06908099999999999,0.083899
237,-0.016775,-0.020453,0.17102,0.24866999999999997,0.29438000000000003,-0.1821,0.0983,-0.07877200000000001,-0.16443,0.065149,-0.016345,0.11441,-0.10555,0.23067,0.010992,0.015318,-0.023364,0.44588,0.46021000000000006,0.30584,-0.072713,0.012768999999999999,0.30359,0.26094,0.054125,0.11335999999999999
238,-0.0797,0.014015000000000001,0.34938,0.43425,0.37787,-0.30727,0.050362,0.004302,-0.20409000000000002,0.042556000000000004,-0.079658,0.087488,-0.07345499999999999,0.33203,0.019136,-0.026479000000000003,-0.07379,0.60714,0.59396,0.45666,-0.088288,0.012556999999999999,0.44761999999999996,0.41905,0.056731,0.16245
239,-0.054287,0.026077,0.43931000000000003,0.50784,0.42626000000000003,-0.38268,0.0098949,0.041171,-0.18583,0.044406,-0.1254,0.059565,-0.052705999999999996,0.40095,-0.020789,-0.12378,-0.084064,0.66842,0.63247,0.51581,-0.085548,0.0019203,0.50974,0.484,0.0048365000000000005,0.16776
240,0.039853,0.0039222,0.47878999999999994,0.51488,0.45682,-0.40092,-0.011476,0.07292699999999999,-0.13257,0.057709,-0.15259,0.056953,-0.048877,0.41991000000000006,-0.070471,-0.21039000000000002,-0.039145,0.67828,0.63774,0.52051,-0.055903999999999995,-0.01403,0.5099899999999999,0.49786,-0.068078,0.14964
241,0.13604000000000002,-0.046967,0.49601000000000006,0.51235,0.43809,-0.37373,-0.011184,0.11937,-0.054604999999999994,0.04591,-0.18875,0.036942,-0.003222,0.38665,-0.085613,-0.22988000000000003,0.0054822,0.66543,0.63669,0.49912,0.013449000000000001,0.025044999999999998,0.47898,0.49068,-0.041168,0.11871
242,0.15727,-0.07649700000000001,0.49738999999999994,0.52064,0.41695,-0.34688,-0.0081581,0.14147,0.011068999999999999,0.018315,-0.18300999999999998,0.012176000000000001,0.072268,0.34388,-0.058232000000000006,-0.18074,0.041839,0.6443399999999999,0.63694,0.47566,0.04816,0.10994000000000001,0.45547,0.47941999999999996,0.043092,0.066605
243,0.13252,-0.084673,0.5062300000000001,0.53678,0.43054,-0.35109,-0.009444,0.13018,0.0040602,-0.014552,-0.12426,-0.019286,0.11049,0.33079000000000003,-0.021668,-0.14185999999999999,0.070316,0.64074,0.64903,0.47994,0.017184,0.14568,0.4537,0.48048,0.11835,0.039919
244,0.09792999999999999,-0.06897400000000001,0.51065,0.52927,0.42751000000000006,-0.38909,-0.022062000000000002,0.12435,-0.053211,-0.03273,-0.040628,-0.035718,0.12897999999999998,0.36211,-0.03009,-0.14076,0.05946900000000001,0.63713,0.65618,0.49365,-0.028151,0.088575,0.45202,0.48086,0.15999000000000002,0.014391
245,0.041067,-0.011767,0.51535,0.50032,0.37478,-0.43493000000000004,-0.046742,0.13471,-0.093309,0.00734,0.05127999999999999,-0.014831,0.10467,0.41707,-0.013497,-0.127,-0.011096,0.63723,0.65461,0.50076,-0.060579999999999995,0.021593,0.44666000000000006,0.4827,0.11287,-0.0089081
246,-0.018484999999999998,0.061717999999999995,0.51247,0.46618000000000004,0.29385,-0.41643,-0.032394,0.10189,-0.098366,0.043821,0.06466799999999999,-0.016316999999999998,0.036026999999999997,0.44486000000000003,0.025638,-0.047443,-0.10745999999999999,0.64367,0.64347,0.50375,-0.033911000000000004,0.015733,0.44978999999999997,0.49283999999999994,0.021869,-0.047405
247,-0.034584,0.12542999999999999,0.50683,0.45875,0.25981,-0.35822,-0.032054,0.024037,-0.07397999999999999,0.011802,-0.0031903,-0.042187999999999996,-0.030567,0.41496000000000005,-0.015316999999999999,0.032451999999999995,-0.14302,0.64475,0.6369199999999999,0.50802,0.052253999999999995,0.060901,0.46478,0.50795,-0.030683999999999996,-0.081024
248,0.016462,0.14906,0.48899,0.467,0.28294,-0.32669000000000004,-0.086478,-0.06283899999999999,-0.036281,-0.028227999999999996,-0.042212,-0.06882100000000001,-0.087277,0.36162,-0.10290999999999999,0.057454,-0.11048,0.63912,0.6320899999999999,0.5108699999999999,0.12552,0.13005999999999998,0.46906000000000003,0.50885,-0.07002799999999999,-0.06668099999999999
249,0.10017000000000001,0.17474,0.49291999999999997,0.48382,0.33121999999999996,-0.31148000000000003,-0.1209,-0.10449000000000001,0.009218500000000001,-0.018397,0.0046387,-0.06637699999999999,-0.084233,0.3414,-0.16222,0.046403,-0.057339,0.63342,0.62779,0.51769,0.09779700000000001,0.15186,0.47503,0.51034,-0.10579000000000001,-0.024577
